,date,negative,neutral,positive,text,tweet polarity,tweets ago,users
0,Sat Jul 14 19:03:07 +0000 2018,0.0,1.0,0.0,"Tonight, @reginalddhunter takes a 2,000-mile musical road trip along the US-Mexico border. üé∂

Reginald D Hunter's S‚Ä¶ https://t.co/K4ZHogg1lO",0.0,1,BBC
1,Sat Jul 14 18:03:04 +0000 2018,0.0,0.843,0.157,There's a clear difference in the way boys and girls behave during a #heatwave. üòÇ‚òÄÔ∏èüå° @JackWhitehall‚Ä¶ https://t.co/SmGTMhnZ3M,0.3818,2,BBC
2,Sat Jul 14 17:32:50 +0000 2018,0.0,0.628,0.372,üéæ¬†Angelique Kerber beat seven-time champion Serena Williams to win her first #Wimbledon title.‚Ä¶ https://t.co/O7Q0shxwSc,0.8271,3,BBC
3,Sat Jul 14 16:23:10 +0000 2018,0.0,0.848,0.152,"RT @BBCSport: Angelique Kerber is the #wimbledon champion! üëè

The German beats Serena Williams to lift the trophy for the first time! üôå
 
L‚Ä¶",0.6688,4,BBC
4,Sat Jul 14 16:03:05 +0000 2018,0.111,0.527,0.362,"""We'll definitely keep in touch!""  üëã *Immediately blocks number* #Extras 

https://t.co/9gVnLDsdq0",0.6476,5,BBC
5,Sat Jul 14 13:03:04 +0000 2018,0.0,1.0,0.0,A wild banana that may hold the key to protecting the world's edible banana crop has been put on the extinction lis‚Ä¶ https://t.co/iU8sxtarEw,0.0,6,BBC
6,Sat Jul 14 12:10:55 +0000 2018,0.0,1.0,0.0,"There she goes! üö¢ üåä

The RRS Sir David Attenborough - the UK's polar ship known to some as Boaty McBoatface - is la‚Ä¶ https://t.co/bYll3hTWpa",0.0,7,BBC
7,Sat Jul 14 12:08:51 +0000 2018,0.0,0.873,0.127,"RT @bbctennis: Meghan Markle has arrived!

The crowd shouted her name as she made her way to Centre Court. She waved üëã

üíªüì± https://t.co/Xg5‚Ä¶",0.5411,8,BBC
8,Sat Jul 14 12:04:02 +0000 2018,0.0,1.0,0.0,"We all know a hipster restaurant that's taken things a bit too far... üôÑüòÇ 

https://t.co/0N3WTRIUVu",0.0,9,BBC
9,Sat Jul 14 11:13:46 +0000 2018,0.0,1.0,0.0,"RT @1Xtra: Tonight 9pm @Drake x @CharlieSloth üî•ü¶Ç

#DrakeFITB https://t.co/LpqcF10QvH",0.0,10,BBC
10,Sat Jul 14 11:07:03 +0000 2018,0.0,1.0,0.0,Sue Barker presents live coverage of Angelique Kerber vs Serena Williams in the women's singles final from Wimbledo‚Ä¶ https://t.co/hFtwDO5Ma3,0.0,11,BBC
11,Sat Jul 14 10:03:02 +0000 2018,0.13,0.87,0.0,"üò≤The man with world's longest fingernails has had them cut off after 66 years. 

https://t.co/FmC6KX7ZKP",-0.2732,12,BBC
12,Sat Jul 14 09:54:33 +0000 2018,0.0,0.931,0.069,"RT @CBeebiesHQ: Look WHO is in for tonight's #BedtimeStory ‚è≥üåÄ

@Pearlie_mack reads Ellie's Magic Wellies üìñ

@bbcdoctorwho

@AmySparkes

@Ea‚Ä¶",0.1027,13,BBC
13,Sat Jul 14 09:07:03 +0000 2018,0.0,0.838,0.162,"This model was bitten by a shark while posing for a photo on holiday. üòÆü¶à
https://t.co/hQ5q69tVBZ https://t.co/TMYfQlnwto",0.4019,14,BBC
14,Sat Jul 14 08:02:07 +0000 2018,0.0,0.701,0.299,"Meet the 8-year-old yoga expert who is winning national and international prizes. üßò‚Äç‚ôÇÔ∏è

https://t.co/Rn4flrc6vh",0.7506,15,BBC
15,Sat Jul 14 07:33:07 +0000 2018,0.204,0.559,0.237,"‚ÄúIt‚Äôs a love museum ‚Äì just maybe upside down"". üíî

Welcome to the museum preserving the memories of broken hearts. üëâ‚Ä¶ https://t.co/KK5pBeeWWE",0.25,16,BBC
16,Sat Jul 14 07:04:02 +0000 2018,0.266,0.734,0.0,"71 years after her death, the UK's forgotten astronomer Annie Maunder is finally getting some recognition. ‚òÑüî≠üå†

https://t.co/fjWUaZC4zQ",-0.7003,17,BBC
17,Fri Jul 13 20:32:04 +0000 2018,0.0,0.728,0.272,"Gary Barlow and his ten-piece band perform songs including Greatest Day, Back for Good and Rule the World against t‚Ä¶ https://t.co/xAcRAKlkmn",0.7964,18,BBC
18,Fri Jul 13 18:31:05 +0000 2018,0.0,0.688,0.312,"The world's greatest classical musical festival is back! üé∂üéªüëè @bbcproms 2018

First Night of the Proms | 8:30pm |‚Ä¶ https://t.co/JKCkC5EMMs",0.8268,19,BBC
19,Fri Jul 13 18:30:37 +0000 2018,0.0,1.0,0.0,"RT @BBCSport: This is some semi-final.

Watch Kevin Anderson and John Isner live on @BBCTwo and online.

https://t.co/gmKgD0Vwbx https://t.‚Ä¶",0.0,20,BBC
20,Fri Jul 13 17:32:04 +0000 2018,0.331,0.669,0.0,"When someone gets sassy but you've got a killer comeback... üòÇüëè @robbrydon #WILTY

https://t.co/cmdBgsfTm1",-0.7876,21,BBC
21,Fri Jul 13 17:02:05 +0000 2018,0.0,0.665,0.335,"The best time to plant a tree was 20 years ago. The second best time is now. üå≥

Eight Chinese proverbs to help with‚Ä¶ https://t.co/zqSO489S8G",0.9022,22,BBC
22,Fri Jul 13 15:59:00 +0000 2018,0.062,0.938,0.0,"When your colleagues ask why you need to leave work at 5pm on the dot... üç∑üíÉ

#FridayFeeling #Versailles https://t.co/Tmba34H72w",-0.0516,23,BBC
23,Fri Jul 13 15:47:44 +0000 2018,0.0,1.0,0.0,RT @BBCNews: Downton Abbey film finally confirmed https://t.co/VcQvk7lFJb,0.0,24,BBC
24,Fri Jul 13 15:04:04 +0000 2018,0.0,0.952,0.048,"""I can't pay you, but you can use the photos in your portfolio."" üôÑ  

Every photographer can relate to this. 

https://t.co/AIriphAyym",0.0382,25,BBC
25,Fri Jul 13 12:03:03 +0000 2018,0.427,0.418,0.155,"The secret to a long, happy relationship? 

Lying, lying and more lying. ‚ù§Ô∏èÔ∏èüòÇ @rhysnicholson

https://t.co/K0t1XAHovC",-0.7579,26,BBC
26,Fri Jul 13 11:03:03 +0000 2018,0.0,0.881,0.119,"The original 1926 map of The Hundred Acre Wood from Winnie-the-Pooh has sold for a record ¬£430,000. üìñüçØ‚Ä¶ https://t.co/YoDZxpIlLe",0.3182,27,BBC
27,Fri Jul 13 10:01:02 +0000 2018,0.0,1.0,0.0,RT @bbcproms: A Spectacular curtain raiser last night by @AnnaHMeredith &amp; @59productions  commissioned by @bbcproms @edintfest @1418NOW  in‚Ä¶,0.0,28,BBC
28,Fri Jul 13 09:59:32 +0000 2018,0.0,1.0,0.0,RT @BBCTheOneShow: It's @ChrisGPackham UK Bioblitz 2018. Over ten days Chris &amp; his team will visit 50 wildlife sites in the UK to highlight‚Ä¶,0.0,29,BBC
29,Fri Jul 13 08:03:04 +0000 2018,0.0,1.0,0.0,"Who is the mysterious Hester Appleyard?

Natalie Dormer spills the beans on her enigmatic role in‚Ä¶ https://t.co/6oHcD9SONr",0.0,30,BBC
30,Fri Jul 13 07:27:05 +0000 2018,0.0,0.909,0.091,"""I think the NHS is one of the biggest assets we have in this country,"" says @JonniePeacock.‚Ä¶ https://t.co/PTiCP0xeHc",0.1779,31,BBC
31,Fri Jul 13 07:03:02 +0000 2018,0.187,0.813,0.0,"‚ö†Ô∏è Watch out! ‚ö†Ô∏è Today is Friday the 13th...

üìÜüò∞ But why is this date considered unlucky?

https://t.co/RJelR8Rw6p",-0.4003,32,BBC
32,Thu Jul 12 20:02:02 +0000 2018,0.071,0.929,0.0,"üò∫üé¨ Meet Lisio, the ginger cat who jumped onto his owner's shoulders during a serious TV interview.

üëâ‚Ä¶ https://t.co/7DmhNcHnU6",-0.0772,33,BBC
33,Thu Jul 12 18:04:07 +0000 2018,0.0,0.806,0.194,"Great Britain's John Curry was the world's first out gay Olympian. This is his story. ‚õ∏

https://t.co/8kFobV3AWe",0.6249,34,BBC
34,Thu Jul 12 17:03:06 +0000 2018,0.313,0.55,0.137,Not all heroes wear capes. This Australian diving doctor abandoned his holiday to stay with the boys trapped in a c‚Ä¶ https://t.co/BRaTqIJP19,-0.7271,35,BBC
35,Thu Jul 12 16:03:02 +0000 2018,0.0,1.0,0.0,"Orkney‚Äôs mysterious stone circles are older than Stonehenge... 

https://t.co/Cbuq22PkVm",0.0,36,BBC
36,Thu Jul 12 14:47:18 +0000 2018,0.178,0.512,0.31,"RT @BBCOne: Love and trust, shattered by secrets and lies. Keeping Faith from @BBCWales starring @TeamEveMyles starts tonight at 9pm on BBC‚Ä¶",0.6597,37,BBC
37,Thu Jul 12 13:04:03 +0000 2018,0.0,0.854,0.146,"The university access watchdog says students' backgrounds should be taken into account when awarding places, to imp‚Ä¶ https://t.co/q9vW9zt46B",0.4404,38,BBC
38,Thu Jul 12 12:04:04 +0000 2018,0.0,1.0,0.0,"Why are more parents around the world choosing to raise only children?

https://t.co/bWil43TvES",0.0,39,BBC
39,Thu Jul 12 11:43:48 +0000 2018,0.087,0.913,0.0,"RT @BBCFOUR: Dr Lucy Worsley shows how Britain's new ruling family fought the French, the Jacobites and each other, all at the same time. T‚Ä¶",-0.3182,40,BBC
40,Thu Jul 12 11:02:03 +0000 2018,0.0,1.0,0.0,Meet the people getting the @bbcproms off to a spectacular start. üòçüé∂üéª https://t.co/rD5I0XXrLz https://t.co/5im1Tokqsr,0.0,41,BBC
41,Thu Jul 12 10:30:00 +0000 2018,0.0,1.0,0.0,"‚ôªÔ∏èü•õMeet the schoolchildren who redesigned their milk cartons without plastic straws. 

Their school now uses fully‚Ä¶ https://t.co/hK4M1UtcHk",0.0,42,BBC
42,Thu Jul 12 08:03:03 +0000 2018,0.182,0.733,0.086,"Adam can't hide the fact that he has a stutter, and he doesn't want to anymore.

https://t.co/JVzJkk828L",-0.1788,43,BBC
43,Thu Jul 12 07:31:08 +0000 2018,0.0,1.0,0.0,"Native wildlife is ""flocking back"" to the Outer Hebrides following a 17-year project to eradicate the American mink‚Ä¶ https://t.co/QbGQddmWyW",0.0,44,BBC
44,Thu Jul 12 07:03:04 +0000 2018,0.161,0.839,0.0,"Walrus siestas can last a week! üí§ These incredible creatures know how to nap... 

https://t.co/qZRpNBkpuc",-0.3595,45,BBC
45,Wed Jul 11 20:39:03 +0000 2018,0.0,0.905,0.095,"It‚Äôs not coming home. üíî

But it's been an incredible journey. ‚ô•Ô∏è

https://t.co/TrqeqzfTUq  #ENG #WorldCup‚Ä¶ https://t.co/nCoN5lDJys",0.1967,46,BBC
46,Wed Jul 11 20:23:23 +0000 2018,0.0,1.0,0.0,"RT @BBCSport: GOAL

Mario Mandzukic drills Croatia in front.

#CRO 2-1 #ENG 

LIVE:
üì± https://t.co/C5GtYW7jpj 
üìª @5liveSport 

#ENGCRO #Wor‚Ä¶",0.0,47,BBC
47,Wed Jul 11 20:03:46 +0000 2018,0.065,0.935,0.0,"RT @BBCSport: Extra-time it is... and we're underway...

How are your nerves?

#CRO 1-1 #ENG 

LIVE:
üì± https://t.co/C5GtYW7jpj 
üìª @5liveSpo‚Ä¶",-0.1027,48,BBC
48,Wed Jul 11 19:52:13 +0000 2018,0.0,0.878,0.122,"Full time: #CRO 1-1 #ENG 

Who's ready for another 30 minutes?

Follow it live: 
üì± https://t.co/TrqeqzfTUq  
üìª‚Ä¶ https://t.co/CuPZrrxFEW",0.3612,49,BBC
49,Wed Jul 11 19:49:56 +0000 2018,0.306,0.694,0.0,RT @BBCBreakfast: No fingernails left... https://t.co/E4oE20owSY,-0.296,50,BBC
50,Wed Jul 11 19:27:11 +0000 2018,0.0,1.0,0.0,"RT @BBCSport: GOAL 

#CRO 1-1 #ENG 

Ivan Perisic meets a cross to flick Croatia level.

LIVE:
üì± https://t.co/C5GtYW7jpj 
üìª @5liveSport htt‚Ä¶",0.0,51,BBC
51,Wed Jul 11 19:20:29 +0000 2018,0.056,0.944,0.0,"It doesn't matter where you're watching, as long as you're watching. ‚öΩÔ∏è‚öΩÔ∏è‚öΩÔ∏è

Millions of #ENG fans are watching‚Ä¶ https://t.co/geST9JHDr4",-0.0191,52,BBC
52,Wed Jul 11 19:16:46 +0000 2018,0.0,1.0,0.0,"RT @5liveSport: Only three men have ever scored for #ENG in a semi-final of a #WorldCup

‚öΩ Sir Bobby Charlton
‚öΩ @GaryLineker
‚öΩ Kieran Tripp‚Ä¶",0.0,53,BBC
53,Wed Jul 11 19:02:33 +0000 2018,0.0,0.776,0.224,"RT @BBCOne: We‚Äôre pretty sure that exactly 53% of the population is covered in beer right now ü§îü§ó #ENGCRO #WorldCup

https://t.co/l5UTbo9n7x",0.6705,54,BBC
54,Wed Jul 11 19:02:02 +0000 2018,0.0,0.874,0.126,A gripping reimagining of Joan Lindsay's iconic novel that delves into the mysterious disappearances of three schoo‚Ä¶ https://t.co/d4nPoQXIYJ,0.3182,55,BBC
55,Wed Jul 11 18:50:03 +0000 2018,0.0,1.0,0.0,"Half time in Moscow. 

#CRO 0-1 #ENG
Ôøº
Follow:

üì± https://t.co/5KN3TtJ2Zz  
üìª @5livesport

#ENGCRO #WorldCup https://t.co/TVSyyaX8dl",0.0,56,BBC
56,Wed Jul 11 18:06:07 +0000 2018,0.0,1.0,0.0,"RT @BBCSport: GOAL!

What a start! What a goal!

Kieran Trippier whips a free-kick right in! 

#CRO 0-1 #ENG 

LIVE: 
üì± https://t.co/C5GtYW‚Ä¶",0.0,57,BBC
57,Wed Jul 11 18:00:11 +0000 2018,0.0,1.0,0.0,"It's time. ‚öΩÔ∏è

#ENGCRO #worldcup #bbcworldcup https://t.co/A0zRUx5CVK",0.0,58,BBC
58,Wed Jul 11 17:57:05 +0000 2018,0.0,1.0,0.0,"Prince Harry knows... #ItsComingHome Ô∏è‚öΩÔ∏è‚û°Ô∏èüè†

#ENGCRO #ENG #WorldCup #ThreeLions 

https://t.co/ouBlfHLWry",0.0,59,BBC
59,Wed Jul 11 17:01:04 +0000 2018,0.0,1.0,0.0,"The @BBCEastenders prediction for tonight's #WorldCup semi-final? 

""Ta-ta Croatia!"" üëãüòÇ @MrDDyer

#ThreeLions‚Ä¶ https://t.co/wRv1AlP9s6",0.0,60,BBC
60,Wed Jul 11 16:01:05 +0000 2018,0.0,1.0,0.0,"What's that David Attenborough... it's coming home? üè¥Û†ÅßÛ†Å¢Û†Å•Û†ÅÆÛ†ÅßÛ†ÅøÔ∏è‚öΩÔ∏èüèÜüòÜ

üîä Turn your sound on!  üîä

#WorldCup #ThreeLions‚Ä¶ https://t.co/fkYYIqg2fO",0.0,61,BBC
61,Wed Jul 11 13:03:06 +0000 2018,0.0,1.0,0.0,The National Gallery has acquired its first work by a woman for 27 years. üñå https://t.co/WkCtpvqKtN https://t.co/NZRjCCw3z5,0.0,62,BBC
62,Wed Jul 11 11:32:03 +0000 2018,0.0,0.692,0.308,"The last time #ENG played a #WorldCup Semi Final, @bbceastenders looked like this... https://t.co/JeYtBettzm",0.5994,63,BBC
63,Wed Jul 11 11:02:02 +0000 2018,0.0,0.894,0.106,"ü§î Game Boys, Vanilla Ice and a new TV programme called 'The Simpsons'... 

This is what #England looked like last t‚Ä¶ https://t.co/YTCXpNJvqb",0.3612,64,BBC
64,Wed Jul 11 09:53:20 +0000 2018,0.0,1.0,0.0,"RT @BBCSport: Just hold on...it's coming home.

#WorldCup #ThreeLions https://t.co/TCTpYhNV1s",0.0,65,BBC
65,Wed Jul 11 09:32:05 +0000 2018,0.0,0.829,0.171,"This will give you goosebumps. 

The last time England won a #WorldCup semi-final it was a 2-1 victory over Portuga‚Ä¶ https://t.co/2gRGni9S3y",0.5719,66,BBC
66,Wed Jul 11 09:04:05 +0000 2018,0.095,0.905,0.0,"In this city, a six-figure salary is considered 'low income' and not enough for a family of four to get by on.‚Ä¶ https://t.co/1qyDWTPSrG",-0.2732,67,BBC
67,Wed Jul 11 08:00:00 +0000 2018,0.0,0.891,0.109,"#BluePlanet2 ‚úÖ 
That unforgettable concert ‚úÖ 
Brilliant Bedtime Stories ‚úÖ
A new Doctor ‚úÖ
and so much more. Here are‚Ä¶ https://t.co/ZVSKIHOXDk",0.5859,68,BBC
68,Wed Jul 11 07:39:04 +0000 2018,0.0,0.584,0.416,"RT @BBCSport: More of this please! üòä

#ENGCRO #ENG #ThreeLions #bbcworldcup https://t.co/706Vsdfy2Y",0.8499,69,BBC
69,Wed Jul 11 07:33:03 +0000 2018,0.429,0.571,0.0,"üíà‚öΩÔ∏èüôåüèæ Dead trims, missed penalties, 30 yard screamers, calling players out, football coming home...‚Ä¶ https://t.co/ZrrQJ1Qn9h",-0.8402,70,BBC
70,Wed Jul 11 07:03:05 +0000 2018,0.0,1.0,0.0,"üå°üî•‚òÄÔ∏è This one goes out to all the gingers braving the sun today... 

https://t.co/4Ed3y2Xp0f",0.0,71,BBC
71,Tue Jul 10 20:02:05 +0000 2018,0.0,1.0,0.0,"The heatwave has unveiled ancient hillforts and Roman settlements in Wales. üëâ
 https://t.co/L1VdHWkMP7 https://t.co/luXjJV5v3Y",0.0,72,BBC
72,Tue Jul 10 19:04:02 +0000 2018,0.0,1.0,0.0,"Take a look at the rollercoaster years at Nokia, a company that dominated a nation. 

The Rise and Fall of Nokia |‚Ä¶ https://t.co/7uflzUaeTj",0.0,73,BBC
73,Tue Jul 10 18:04:04 +0000 2018,0.0,0.61,0.39,"Can you feel richer by giving your money away? üí∏ This lottery winner thinks so.

https://t.co/BgKlrEfssV",0.8625,74,BBC
74,Tue Jul 10 17:31:05 +0000 2018,0.0,0.676,0.324,"'I wanted to live inside you like a parasite'. 

A letter to my first love üíåüëâ https://t.co/batgnuHRoi https://t.co/G0kGuLzHqU",0.7717,75,BBC
75,Tue Jul 10 15:32:02 +0000 2018,0.34,0.593,0.066,"üôÖNo one likes making mistakes, but messing up isn‚Äôt always a bad thing.

Here are six reasons why making mistakes c‚Ä¶ https://t.co/N7jMLZKLcE",-0.8338,76,BBC
76,Tue Jul 10 15:14:38 +0000 2018,0.0,0.724,0.276,"RT @bbctennis: Serena Williams has some pretty big names supporting her.

Oh hey, @Drake 

LIVEüëâhttps://t.co/RIpcahMeKm
üì∫ @BBCOne 
#bbctenn‚Ä¶",0.7269,77,BBC
77,Tue Jul 10 13:01:05 +0000 2018,0.079,0.68,0.242,"No one does strawberries like we do in Britain! üçìüá¨üáßüç¶

Now they're in season, make the most of these delicious straw‚Ä¶ https://t.co/QKdHxenZNu",0.6763,78,BBC
78,Tue Jul 10 12:18:03 +0000 2018,0.0,0.868,0.132,'Everyone safe': all 12 members of a Thai youth football team and their coach have been brought safely out of the c‚Ä¶ https://t.co/c5bzSFM2ND,0.4939,79,BBC
79,Tue Jul 10 12:03:04 +0000 2018,0.0,1.0,0.0,"Neelam and Dinesh‚Äôs son Akash took his own life three years ago. 

Now they‚Äôre trying to get the British Asian comm‚Ä¶ https://t.co/pX5ZIH2mj3",0.0,80,BBC
80,Tue Jul 10 11:33:00 +0000 2018,0.073,0.769,0.158,"Ever found something weird and wonderful on a British beach? 

@BBCFOUR will be LIVE from the Jurassic Coast next w‚Ä¶ https://t.co/CY4ej7SjQh",0.4588,81,BBC
81,Tue Jul 10 11:04:01 +0000 2018,0.174,0.826,0.0,"Have you ever seen a baby puffin? üê£

Experts worry we may not get the chance in the future if Scotland‚Äôs puffin pop‚Ä¶ https://t.co/uRKs7VXQMv",-0.5632,82,BBC
82,Tue Jul 10 09:17:05 +0000 2018,0.0,1.0,0.0,RT @bbcweather: Remember to look up around 1pm today if you're in London / SE / Suffolk / Colchester / Chelmsford for the @RoyalAirForce #R‚Ä¶,0.0,83,BBC
83,Tue Jul 10 09:06:27 +0000 2018,0.0,0.884,0.116,"RT @BBCOne: ‚ÄúI felt like a piece of meat at a meat market‚Äù.

@BBCPanorama investigates President Donald Trump.

Tonight | 8.30pm | BBC One‚Ä¶",0.3612,84,BBC
84,Tue Jul 10 08:59:10 +0000 2018,0.0,0.5,0.5,RT @BBCNews: Cave rescue: Divers ready to save remaining five Thais https://t.co/ed7GteDLor,0.8402,85,BBC
85,Tue Jul 10 08:56:04 +0000 2018,0.0,1.0,0.0,"RT @bbcweather: London's sunset last night, photographed by Funda Cizgenakad. Jo https://t.co/gijPHaWMpa",0.0,86,BBC
86,Tue Jul 10 08:55:48 +0000 2018,0.0,0.878,0.122,"RT @BBCSport: We have some exciting news...

@andy_murray will be joining the BBC commentary team this week at @Wimbledon 

üëâ https://t.co/‚Ä¶",0.4939,87,BBC
87,Tue Jul 10 08:05:02 +0000 2018,0.0,1.0,0.0,"Sue has looked after lots of orphaned wombats before, but Stacy is a real handful! üò≥

https://t.co/JCFTLP1Xjg",0.0,88,BBC
88,Tue Jul 10 07:29:03 +0000 2018,0.0,0.829,0.171,"Today, @sophieraworth presents live coverage of events to celebrate 100 years of aviation and endeavour in the Roya‚Ä¶ https://t.co/l0Of2zTYaH",0.5719,89,BBC
89,Mon Jul 09 20:02:05 +0000 2018,0.0,0.833,0.167,"The greatest ice skater of all time, John Curry transformed a dated sport into an art form and made history by beco‚Ä¶ https://t.co/rKqQzp8Gv5",0.6369,90,BBC
90,Mon Jul 09 19:02:06 +0000 2018,0.0,0.818,0.182,"‚ÄúI want to tell you honey you are the hero in my heart‚Äù

Saman Gunan's wife and father tell @BBCWorld about the man‚Ä¶ https://t.co/axL8XkMgc0",0.5994,91,BBC
91,Mon Jul 09 18:02:03 +0000 2018,0.0,0.78,0.22,"That time David Attenborough made friends with a baby rhino. üò≠‚ù§Ô∏èÔ∏èü¶è #Africa 

https://t.co/Z5F0jaNk57",0.4767,92,BBC
92,Mon Jul 09 16:04:04 +0000 2018,0.0,0.505,0.495,"Although they're great fun, they're not always great for the environment... 

Here's how to go to a festival withou‚Ä¶ https://t.co/tvnMfnCrlL",0.9403,93,BBC
93,Mon Jul 09 15:51:05 +0000 2018,0.0,1.0,0.0,"RT @BBCBreaking: Prince Louis arrives for his christening service at the Chapel Royal, St James's Palace

https://t.co/TGe9Ld5mpM https://t‚Ä¶",0.0,94,BBC
94,Mon Jul 09 15:20:14 +0000 2018,0.0,0.701,0.299,"RT @BBCRadio2: Happy International Town Criers' Day! Watch @chestercrier teach @ed_miliband how to do the perfect ""oyez""  üó£ https://t.co/Ha‚Ä¶",0.8268,95,BBC
95,Mon Jul 09 14:29:05 +0000 2018,0.0,0.664,0.336,"""Can I drum?‚Äù ü•Åü§∑‚Äç‚ôÇÔ∏è

This is the amazing moment when @thekillers let a fan join them on stage at @TRNSMTfest! üôå‚Ä¶ https://t.co/6DnHpaJxer",0.8221,96,BBC
96,Mon Jul 09 14:23:06 +0000 2018,0.22,0.78,0.0,"RT @BBCBreaking: Boris Johnson resigns as UK Foreign Secretary, following the resignation of Brexit Secretary David Davis https://t.co/gFKn‚Ä¶",-0.5423,97,BBC
97,Mon Jul 09 14:17:04 +0000 2018,0.0,0.872,0.128,"Divers have rescued four more boys from the vast flooded cave system in northern Thailand.

Follow live updates her‚Ä¶ https://t.co/cuWPaHhVTW",0.4215,98,BBC
98,Mon Jul 09 13:03:05 +0000 2018,0.205,0.795,0.0,"Searching for the 'angel' who held me during the Westminster attack. 

https://t.co/Hgb96AhD1J https://t.co/SPXbsc6t1A",-0.4767,99,BBC
99,Mon Jul 09 12:18:40 +0000 2018,0.115,0.531,0.354,"RT @bbctennis: The number of Grand Slam singles titles won by today's Centre Court players.

üèÜüèÜüèÜüèÜüèÜüèÜüèÜüèÜüèÜüèÜüèÜüèÜüèÜüèÜüèÜüèÜüèÜüèÜüèÜüèÜüèÜüèÜüèÜüèÜüèÜüèÜüèÜüèÜüèÜüèÜüèÜüèÜüèÜüèÜüèÜüèÜüèÜüèÜüèÜüèÜüèÜüèÜüèÜüèÜüèÜüèÜ‚Ä¶",0.6597,100,BBC
100,Fri Jul 13 21:35:01 +0000 2018,0.0,0.922,0.078,"Stand up. Speak up. Blow the whistle. 

Don't miss the premiere of the @TrueCrimeCBS series #Whistleblower tonight‚Ä¶ https://t.co/uNhx4Codc2",0.1139,1,CBS
101,Fri Jul 13 21:15:41 +0000 2018,0.132,0.868,0.0,"RT @TheNeighborhood: There's a new family on the block, and they're about to turn this neighborhood upside down. @CedEntertainer and @Tichi‚Ä¶",-0.4404,2,CBS
102,Fri Jul 13 17:49:38 +0000 2018,0.0,1.0,0.0,Take a walk down @YandR_CBS memory lane with stars @JessWaltonYR and Peter Bergman! You can watch full episodes of‚Ä¶ https://t.co/MZEUfiJJyb,0.0,3,CBS
103,Thu Jul 12 01:01:24 +0000 2018,0.0,0.718,0.282,RT @TKOCBS: Prepare to have some major FUN. #TKO starts NOW! https://t.co/i2ftL6GCj5,0.6514,4,CBS
104,Wed Jul 11 21:44:45 +0000 2018,0.0,0.826,0.174,"It‚Äôs fun, different, unique, and finally here! @TKOCBS hosted by @KevinHart4real premieres at 9/8c on CBS and‚Ä¶ https://t.co/MCeVLVK85i",0.5562,5,CBS
105,Wed Jul 11 19:09:34 +0000 2018,0.0,0.857,0.143,"RT @MagnumPICBS: Talk about hands-on research! #MagnumPI's cast had the honor of joining the US Navy Submarine Force, US Pacific Fleet #Sub‚Ä¶",0.5411,6,CBS
106,Mon Jul 09 23:55:07 +0000 2018,0.0,1.0,0.0,Time to mark your calendars! CBS' fall 2018 premiere lineup has been announced: https://t.co/yYv3H9aEO7 https://t.co/lRxAA7suie,0.0,7,CBS
107,Mon Jul 09 18:53:34 +0000 2018,0.106,0.894,0.0,"RT @TKOCBS: The Ball Buster, the Frisboom, the Spike Launcher, and the Slammer‚Ä¶ Get to know all of the #TKO Battle Stations: https://t.co/2‚Ä¶",-0.3818,8,CBS
108,Mon Jul 09 18:09:00 +0000 2018,0.0,0.897,0.103,"RT @cbsallaccess: How much does it cost to bury the truth? #OneDollar premieres August 30, exclusively on CBS All Access. https://t.co/2HdY‚Ä¶",0.3182,9,CBS
109,Fri Jul 06 22:22:55 +0000 2018,0.0,0.847,0.153,"RT @SalvationCBS: Mark your calendars, #Salvies: Monday's new #SalvationCBS will air at a special time, 10/9c. https://t.co/RUh1J7cfj8",0.4019,10,CBS
110,Fri Jul 06 18:26:37 +0000 2018,0.0,0.61,0.39,Happy #InternationalKissingDay! See which stars we caught locking lips on the CBS Kiss Cam. üòò https://t.co/oMPCHZlgCl,0.8622,11,CBS
111,Thu Jul 05 21:12:17 +0000 2018,0.0,0.898,0.102,Have you heard? Tonight's the first Live Show of #BB20. Grab a seat and get ready to watch the action unfold on CBS‚Ä¶ https://t.co/0YgRV1HLGd,0.3612,12,CBS
112,Mon Jul 02 21:13:11 +0000 2018,0.0,0.892,0.108,"How much does it cost to bury the truth? #OneDollar premieres Thursday, August 30, exclusively on CBS All Access.‚Ä¶ https://t.co/1tab8eCaFz",0.3182,13,CBS
113,Mon Jul 02 20:47:32 +0000 2018,0.0,1.0,0.0,Take a first look at our @Comic_Con lineup along with details of what you can expect to see:‚Ä¶ https://t.co/JqBtlKcwq3,0.0,14,CBS
114,Mon Jul 02 17:27:06 +0000 2018,0.0,1.0,0.0,RT @TrueCrimeCBS: Two new true-crime series are set to premiere this July on CBS! Learn more about #Whistleblower and #PinkCollarCrimes bef‚Ä¶,0.0,15,CBS
115,Mon Jul 02 17:00:02 +0000 2018,0.0,0.741,0.259,"If at first you don‚Äôt succeed on @PriceIsRight‚Ä¶bid, bid again! https://t.co/OWBaOsFZ3i",0.5411,16,CBS
116,Wed Jun 27 20:31:32 +0000 2018,0.0,1.0,0.0,What‚Äôs summer without @CBSBigBrother? ‚òÄÔ∏è RT if you‚Äôre counting down the hours to the #BB20 premiere TONIGHT at 8/7c‚Ä¶ https://t.co/Xp1s4Fp5J8,0.0,17,CBS
117,Wed Jun 27 14:00:01 +0000 2018,0.0,0.711,0.289,"It looks like you...

(‚Ä¢_‚Ä¢)
( ‚Ä¢_‚Ä¢)&gt;‚åê‚ñ†-‚ñ†
(‚åê‚ñ†_‚ñ†)

Have a lot of TV to watch!

Celebrate #NationalSunglassesDay with H‚Ä¶ https://t.co/Babt4ajIgV",0.7574,18,CBS
118,Mon Jun 25 18:20:25 +0000 2018,0.0,0.796,0.204,The world will finally know the truth. ‚òÑÔ∏è Make sure to tune in to the heart-pounding Season 2 premiere of‚Ä¶ https://t.co/mqMleW90DY,0.5574,19,CBS
119,Fri Jun 22 21:19:06 +0000 2018,0.0,0.902,0.098,Tonight's the night! Don't miss model @ashleygraham on the season finale of Celebrity @undercover_cbs at 8/7c. https://t.co/iBxAOcOF7a,0.1867,20,CBS
120,Fri Jun 22 18:33:53 +0000 2018,0.0,0.811,0.189,"Every day is #TakeYourDogToWorkDay for shows like @HawaiiFive0CBS, @MomCBS, @SEALTeamCBS, and @bigbangtheory! https://t.co/DJaOt1VQcw",0.4199,21,CBS
121,Thu Jun 21 23:29:50 +0000 2018,0.0,0.803,0.197,"Lights, camera, selfie! üì∏¬†Could there be a better photo for #NationalSelfieDay? https://t.co/14Ewx64yKC",0.4926,22,CBS
122,Wed Jun 20 00:39:01 +0000 2018,0.122,0.68,0.199,There‚Äôs nothing quite like watching a contestant win a brand new car on @PriceIsRight. üëè  https://t.co/aKlFikYAMM,0.3555,23,CBS
123,Mon Jun 18 20:27:50 +0000 2018,0.0,1.0,0.0,Time to make your predictions for #BB20! üëè Get to know the @CBSBigBrother Houseguests before the big premiere next‚Ä¶ https://t.co/jlpIchJ9sk,0.0,24,CBS
124,Mon Jun 18 15:00:46 +0000 2018,0.0,1.0,0.0,RT @CBSBigBrother: Meet the cast of #BB20... before anyone else! Start streaming all their live interviews beginning at 11am EST/8am PST on‚Ä¶,0.0,25,CBS
125,Sun Jun 17 13:00:01 +0000 2018,0.0,0.507,0.493,"Today and every day we celebrate their love, guidance, and support. Happy #FathersDay to every kind of dad! https://t.co/Wffax1khBH",0.9392,26,CBS
126,Fri Jun 15 18:48:29 +0000 2018,0.0,0.872,0.128,"Casting Alert! @paulwesley, @DaniaJRamirez &amp; @JamesWolk are set to star in the upcoming CBS All Access psychologica‚Ä¶ https://t.co/JnZMrzT92n",0.3595,27,CBS
127,Thu Jun 14 17:30:00 +0000 2018,0.167,0.833,0.0,"In case you missed it, watch the entire #TonyAwards now: https://t.co/Bm0yNV3Ff3 https://t.co/h3YnFkmSQJ",-0.296,28,CBS
128,Thu Jun 14 16:19:32 +0000 2018,0.12,0.734,0.147,RT @StrangeAngel: Mastermind or maniac? Explore the brilliant mind of Jack Parsons in #StrangeAngel. Now streaming on CBS All Access: https‚Ä¶,0.1779,29,CBS
129,Tue Jun 12 00:19:23 +0000 2018,0.315,0.551,0.134,"No pain, no gain, ALL Hart! Just one month until the premiere of @TKOCBS hosted by @KevinHart4real. https://t.co/C1yMCglxVn",-0.5562,30,CBS
130,Mon Jun 11 22:23:06 +0000 2018,0.0,0.829,0.171,"RT @TheNeighborhood: Welcome to #TheNeighborhood, @BethBehrs! The @2BrokeGirls star returns to @CBS in a new sitcom alongside @CedEntertain‚Ä¶",0.5093,31,CBS
131,Mon Jun 11 19:01:38 +0000 2018,0.167,0.833,0.0,"In case you missed it, watch the entire #TonyAwards now: https://t.co/Bm0yNV3Ff3 https://t.co/3GA5otlcPa",-0.296,32,CBS
132,Mon Jun 11 14:00:37 +0000 2018,0.0,1.0,0.0,How do you know @SaraBareilles and @joshgroban's music? #TonyAwards https://t.co/POMXBORfUT,0.0,33,CBS
133,Mon Jun 11 06:19:36 +0000 2018,0.0,1.0,0.0,Here are all the performances from the 2018 #TonyAwards: https://t.co/gN4ItpFlRd https://t.co/fSMNBXKC9r,0.0,34,CBS
134,Mon Jun 11 06:04:41 +0000 2018,0.0,0.78,0.22,See the complete list of winners from the 2018 #TonyAwards: https://t.co/9XK6CGeber https://t.co/HkUIN4Quej,0.4767,35,CBS
135,Mon Jun 11 03:10:33 +0000 2018,0.0,0.594,0.406,An end to a magical evening. The Band's Visit wins for Best Musical! #TonyAwards https://t.co/ODza97n8YH,0.8478,36,CBS
136,Mon Jun 11 03:02:06 +0000 2018,0.0,0.537,0.463,Congratulations are in order for @TheKatrinaLenk! She just won for Best Leading Actress in a Musical. #TonyAwards https://t.co/t9bNvpiEmH,0.92,37,CBS
137,Mon Jun 11 02:58:30 +0000 2018,0.088,0.737,0.175,"RT @CBSThisMorning: Hmm... something seems off here @SaraBareilles @JoshGroban. üòÇ

@WaitressMusical @GreatCometBway #TonyAwards https://t.c‚Ä¶",0.4404,38,CBS
138,Mon Jun 11 02:56:40 +0000 2018,0.0,0.847,0.153,RT @_stobin13: watching the #TonyAwards after going to 3 broadway shows this weekend makes it even better üòçü§©,0.4404,39,CBS
139,Mon Jun 11 02:56:10 +0000 2018,0.0,0.533,0.467,Tony Shalhoub wins Best Leading Actor in a Musical. #TonyAwards   #TheBandsVisit https://t.co/KcUDSicKI5,0.836,40,CBS
140,Mon Jun 11 02:53:00 +0000 2018,0.0,1.0,0.0,The Boss looks right at home on the #TonyAwards stage! https://t.co/pwjv4iydkn,0.0,41,CBS
141,Mon Jun 11 02:47:29 +0000 2018,0.0,0.682,0.318,RT @Aatamianphoto: Springsteen is on the #TonyAwards and I love it.,0.6369,42,CBS
142,Mon Jun 11 02:44:50 +0000 2018,0.0,0.457,0.543,Inspiration: Get to your YES! #OnceOnThisIsland #TonyAwards https://t.co/Wjp0QIWfXq,0.7978,43,CBS
143,Mon Jun 11 02:44:37 +0000 2018,0.0,0.484,0.516,The feeling when you win a Tony. üôå¬†Congratulations to Once on This Island for winning Best Revival of a Musical!‚Ä¶ https://t.co/UpFCqgBTwh,0.9523,44,CBS
144,Mon Jun 11 02:33:09 +0000 2018,0.0,0.698,0.302,What a beautiful performance by the cast of #TheBandsVisit. #TonyAwards https://t.co/4Hw96kZvrf,0.5994,45,CBS
145,Mon Jun 11 02:29:18 +0000 2018,0.0,0.877,0.123,"""I'm a living example of how theatre can change you - and it didn't just change me, it saved me."" @JohnLeguizamo at‚Ä¶ https://t.co/4ICwMhb6hv",0.4215,46,CBS
146,Mon Jun 11 02:23:56 +0000 2018,0.0,0.483,0.517,Angels in America takes the win for Best Revival of a Play! #TonyAwards https://t.co/zodW61tw8a,0.8932,47,CBS
147,Mon Jun 11 02:21:03 +0000 2018,0.0,1.0,0.0,"RT @leahableson: The Once On This Island Goat And Chicken made it to the broadcast, Mama WILL provide #TonyAwards",0.0,48,CBS
148,Mon Jun 11 02:16:06 +0000 2018,0.0,1.0,0.0,That performance was the GOAT. #TonyAwards https://t.co/mtoU92HipQ,0.0,49,CBS
149,Mon Jun 11 02:11:03 +0000 2018,0.0,0.509,0.491,Harry Potter and the Cursed Child wins Best Play at the #TonyAwards! @HPPlayNYC https://t.co/WIqJQmtAlN,0.8908,50,CBS
150,Mon Jun 11 02:05:47 +0000 2018,0.0,1.0,0.0,üé∂ ‚ÄúLet's dance this last dance tonight.‚Äù üé∂ #TonyAwards #DonnaSummerMusical https://t.co/UAIaglChfv,0.0,51,CBS
151,Mon Jun 11 02:03:31 +0000 2018,0.0,0.738,0.262,Hope he brought enough birthday cake for everyone! #TonyAwards https://t.co/FlLbKV6oj8,0.4926,52,CBS
152,Mon Jun 11 01:58:48 +0000 2018,0.0,0.477,0.523,@writerlindsayb You're welcome! #TonyAwards,0.5093,53,CBS
153,Mon Jun 11 01:53:17 +0000 2018,0.0,0.519,0.481,RT @hjmayer8: I sure do love @DearEvanHansen üíô #TonyAwards,0.7579,54,CBS
154,Mon Jun 11 01:51:16 +0000 2018,0.0,0.752,0.248,"RT @Valerie4815: What a birthday present, the Tony audience singing happy birthday to you!! #TonyAwards",0.6467,55,CBS
155,Mon Jun 11 01:38:23 +0000 2018,0.0,1.0,0.0,If only this performance could go on forever. #TonyAwards @FrozenBroadway https://t.co/p2BMUvyTxr,0.0,56,CBS
156,Mon Jun 11 01:37:36 +0000 2018,0.0,0.724,0.276,RT @anna_villanueva: Magnificent performance from the cast of @FrozenBroadway! #TonyAwards2018 #TonyAwards #Tonys,0.636,57,CBS
157,Mon Jun 11 01:30:56 +0000 2018,0.0,0.437,0.563,Glenda Jackson wins Best Leading Actress in a Play. #TonyAwards @threetallwomen https://t.co/GRp1gcBuiW,0.8834,58,CBS
158,Mon Jun 11 01:29:21 +0000 2018,0.0,1.0,0.0,.@SaraBareilles is totally a Gryffindor. #TonyAwards https://t.co/OPQ7esk2dn,0.0,59,CBS
159,Mon Jun 11 01:26:03 +0000 2018,0.079,0.625,0.296,RT @IzzyNY202: How impressive are these Marjory Stoneman Douglas students? That #TonyAwards performance reduced me to tears. Amazing.,0.7351,60,CBS
160,Mon Jun 11 01:25:59 +0000 2018,0.0,1.0,0.0,RT @KatLargent: MAGIC #TonyAwards,0.0,61,CBS
161,Mon Jun 11 01:24:46 +0000 2018,0.0,1.0,0.0,Such a touching moment at the #TonyAwards. ‚ù§Ô∏è https://t.co/4kJWTHVPZ8,0.0,62,CBS
162,Mon Jun 11 01:24:12 +0000 2018,0.0,0.838,0.162,.@Matt_Morrison welcomes the Marjory Stoneman Douglas High School theatre department to the stage. #TonyAwards https://t.co/5dxa9smeka,0.4019,63,CBS
163,Mon Jun 11 01:19:59 +0000 2018,0.0,0.543,0.457,So many feels at the #TonyAwards. Congratulations to @arielstachel for winning Best Featured Actor in a Musical!‚Ä¶ https://t.co/m1aRNIHPRK,0.9151,64,CBS
164,Mon Jun 11 01:12:31 +0000 2018,0.0,0.625,0.375,RT @McBenefit: I love everything about you @UzoAduba. #TonyAwards,0.6369,65,CBS
165,Mon Jun 11 01:08:28 +0000 2018,0.0,0.898,0.102,RT if that musical number by the cast of Carousel blew you away! #TonyAwards https://t.co/CMzMNtcAQO,0.1511,66,CBS
166,Mon Jun 11 01:08:24 +0000 2018,0.0,0.852,0.148,Nathan Lane saw his #AngelsinAmerica role as a challenge. How will you challenge yourself in 2018? #TonyAwards https://t.co/3WXd6AqgBi,0.1531,67,CBS
167,Mon Jun 11 01:02:47 +0000 2018,0.0,0.437,0.563,Nathan Lane wins Best Featured Actor in a Play. #TonyAwards @angelsbway https://t.co/xc8M7JtLDE,0.8834,68,CBS
168,Mon Jun 11 00:58:06 +0000 2018,0.0,1.0,0.0,üåü¬†@joshgroban and @SaraBareilles are Host Goals. üåü #TonyAwards https://t.co/OGQec8cXJ6,0.0,69,CBS
169,Mon Jun 11 00:52:34 +0000 2018,0.0,0.793,0.207,RT @adub369: This is unbelievable! @SaraBareilles and @joshgroban #TonyAwards,0.2714,70,CBS
170,Mon Jun 11 00:51:11 +0000 2018,0.0,1.0,0.0,Who lives in a pineapple and just performed at The Tonys? üççüé∂ The cast of SpongeBob SquarePants: The Musical!‚Ä¶ https://t.co/mvFxdh9UJi,0.0,71,CBS
171,Mon Jun 11 00:50:18 +0000 2018,0.0,0.433,0.567,‚ú® @LindsayMendez wins Best Featured Actress in a Musical! #TonyAwards @carouselbway https://t.co/MtgFowscN5,0.8883,72,CBS
172,Mon Jun 11 00:45:14 +0000 2018,0.0,0.387,0.613,A big congratulations to @springsteen for his Special Tony award! ‚ú®¬†#TonyAwards https://t.co/i16u8uv9aT,0.9134,73,CBS
173,Mon Jun 11 00:44:36 +0000 2018,0.0,1.0,0.0,Can the 73rd annual #TonyAwards just be three-hours of @TitussBurgess? https://t.co/3rCZwwTUtv,0.0,74,CBS
174,Mon Jun 11 00:35:41 +0000 2018,0.0,0.92,0.08,"RT @CBSThisMorning: ""We know there are a lot of you out there who have photos of yourself in school plays or community theater."" Post your‚Ä¶",0.25,75,CBS
175,Mon Jun 11 00:34:45 +0000 2018,0.0,0.85,0.15,Keep your acceptance speeches short or else the #TonyAwards will get the angels involved. #AngelsInAmerica üëº https://t.co/oznhezRzDc,0.4588,76,CBS
176,Mon Jun 11 00:31:28 +0000 2018,0.0,1.0,0.0,"If you haven't started singing, you will be the rest of the night. #TonyAwards #MyFairLady https://t.co/jbGXwnru8N",0.0,77,CBS
177,Mon Jun 11 00:27:42 +0000 2018,0.0,0.737,0.263,RT @marialena_rago: I like this opener for @MyFairLadyBway #TonyAwards,0.3612,78,CBS
178,Mon Jun 11 00:27:00 +0000 2018,0.0,0.43,0.57,Laurie Metcalf wins Best Featured Actress in a Play! #TonyAwards @threetallwomen https://t.co/y4teyJaRPs,0.8908,79,CBS
179,Mon Jun 11 00:24:31 +0000 2018,0.0,1.0,0.0,Tina Fey has a boat?? #MeanGirls #TonyAwards https://t.co/phYxmHMd3d,0.0,80,CBS
180,Mon Jun 11 00:22:15 +0000 2018,0.0,1.0,0.0,Representing the hardest-working men and women in Broadway‚Ä¶¬†ensemble members from every nominated musical tonight!‚Ä¶ https://t.co/imlEEnOUla,0.0,81,CBS
181,Mon Jun 11 00:22:15 +0000 2018,0.0,0.588,0.412,RT @misschae: I love theatre so much. #TonyAwards,0.6369,82,CBS
182,Mon Jun 11 00:18:16 +0000 2018,0.0,1.0,0.0,On Wednesdays they wear pink and on Sundays they perform at the #TonyAwards. üíï Who thought that performance by the‚Ä¶ https://t.co/w7QDkaX6kF,0.0,83,CBS
183,Mon Jun 11 00:13:27 +0000 2018,0.0,0.756,0.244,"RT @MichaelJMoritz: ""We are all made perfectly and we all belong‚Äù - Andrew Garfield #TonyAwards",0.6369,84,CBS
184,Mon Jun 11 00:12:31 +0000 2018,0.0,0.437,0.563,Andrew Garfield wins Best Leading Actor in a Play. #TonyAwards @angelsbway https://t.co/s2VQnw6IPP,0.8834,85,CBS
185,Mon Jun 11 00:06:39 +0000 2018,0.0,0.64,0.36,"RT @nightingalen: Love this opening song! @joshgroban
@SaraBarreilles 
#TonyAwards",0.6696,86,CBS
186,Mon Jun 11 00:04:15 +0000 2018,0.0,0.85,0.15,‚ú® @joshgroban and @SaraBareilles take the stage to begin an unforgettable evening. #TonyAwards https://t.co/y9uzlK2DzO,0.3182,87,CBS
187,Sun Jun 10 23:59:00 +0000 2018,0.0,1.0,0.0,Grab your popcorn... it's time for the #TonyAwards! Go and stream the entire show now: https://t.co/Wo1algQHix https://t.co/JGYTk4NPDN,0.0,88,CBS
188,Sun Jun 10 23:18:15 +0000 2018,0.0,0.855,0.145,‚ú® @thegoodfight's Christine Baranski has arrived on the #TonyAwards red carpet! Watch LIVE at 8/7c on CBS! https://t.co/XnXAnPtRrc,0.4374,89,CBS
189,Sun Jun 10 22:01:25 +0000 2018,0.0,1.0,0.0,"The hosts have arrived! We're LIVE with @SaraBareilles, @joshgroban and more on the #TonyAwards red carpet hosted b‚Ä¶ https://t.co/NtarbgywLe",0.0,90,CBS
190,Sun Jun 10 15:00:01 +0000 2018,0.0,0.843,0.157,Tonight's the night! Join @etnow's @DDirecto on the #TonyAwards' red carpet starting at 5PM ET! https://t.co/hZLOSiIRAT,0.4184,91,CBS
191,Sat Jun 09 21:00:02 +0000 2018,0.0,0.763,0.237,These two know a thing or two about awards! Watch them light up the stage tomorrow at the #TonyAwards. ‚ú® https://t.co/KHVZp65oLS,0.68,92,CBS
192,Sat Jun 09 16:00:00 +0000 2018,0.0,1.0,0.0,Here's everything you need to know before watching the #TonyAwards this Sunday at 8/7c: https://t.co/jcRgNGmLUZ https://t.co/8suUhVPFK6,0.0,93,CBS
193,Fri Jun 08 19:46:17 +0000 2018,0.0,0.82,0.18,Join @etnow's @DDirecto this Sunday on the #TonyAwards' red carpet. https://t.co/7jS8g10KmY,0.296,94,CBS
194,Fri Jun 08 15:00:03 +0000 2018,0.0,1.0,0.0,Here's @laChanze with a reminder that you can stream the #TonyAwards this Sunday on CBS All Access! https://t.co/8TDEXzKmyQ,0.0,95,CBS
195,Fri Jun 08 13:58:15 +0000 2018,0.0,0.564,0.436,"We all get by with a little help from our friends, so what better way to celebrate #NationalBestFriendsDay than to‚Ä¶ https://t.co/pIZezbBwaT",0.9078,96,CBS
196,Thu Jun 07 17:03:26 +0000 2018,0.0,0.872,0.128,"Get ready for show-stopping performances by the casts of the 2018 Tony-nominated shows Mean Girls, SpongeBob Square‚Ä¶ https://t.co/NiSx9Bbw0F",0.3612,97,CBS
197,Wed Jun 06 21:00:24 +0000 2018,0.105,0.719,0.176,Don‚Äôt miss a special performance from @springsteen this Sunday at the #TonyAwards: https://t.co/LYYdleaFwU https://t.co/IKkKoITH9y,0.2732,98,CBS
198,Wed Jun 06 00:08:30 +0000 2018,0.0,0.872,0.128,"RT @CBSThisMorning: .@SaraBareilles and @joshgroban are hosting this Sunday's @TheTonyAwards on @CBS! 

Wednesday, they'll join us LIVE on‚Ä¶",0.3595,99,CBS
199,Tue Jun 05 22:23:35 +0000 2018,0.177,0.723,0.1,"RT @SU2C: SU2C telecast Co-Executive Producer Bradley Cooper sits down with Mitch Carbon, a pediatric cancer survivor who benefited from #S‚Ä¶",-0.4404,100,CBS
200,Sun Jul 15 01:00:08 +0000 2018,0.268,0.732,0.0,"NY Gov. Andrew Cuomo calls the Trump administration's spending to detain immigrant children ""shocking and irrespons‚Ä¶ https://t.co/l8Y8t1VLwo",-0.6705,1,CNN
201,Sun Jul 15 00:30:12 +0000 2018,0.0,0.783,0.217,"From the Supreme Court to Russian indictments, relive this week in politics https://t.co/fFYGdL1CJW https://t.co/rCRbcCSdDx",0.5574,2,CNN
202,Sun Jul 15 00:00:04 +0000 2018,0.0,0.909,0.091,Police departments across the country participate in the latest lip sync challenge https://t.co/R91Sp68qJU https://t.co/etNx934TMu,0.0772,3,CNN
203,Sat Jul 14 23:30:08 +0000 2018,0.128,0.749,0.123,"It used to be mindless entertainment. Now, reality television is a dominant force in American politics. How did tha‚Ä¶ https://t.co/inyX7hocjS",-0.0258,4,CNN
204,Sat Jul 14 23:00:05 +0000 2018,0.0,1.0,0.0,"Gay men, adulterers publicly flogged in Indonesia https://t.co/7iV8SqScm7 https://t.co/y2ApR0iSoR",0.0,5,CNN
205,Sat Jul 14 22:30:07 +0000 2018,0.365,0.635,0.0,Man posing as rideshare driver accused of serial rape in San Francisco https://t.co/a5ZsgQyyBB https://t.co/VshWiUq3cu,-0.7845,6,CNN
206,Sat Jul 14 22:15:57 +0000 2018,0.351,0.649,0.0,Haiti's Prime Minister resigns amid violent and deadly protests sparked by a proposed plan to raise fuel prices‚Ä¶ https://t.co/sUgt4m3jvl,-0.7964,7,CNN
207,Sat Jul 14 22:00:27 +0000 2018,0.13,0.773,0.097,Los Angeles Mayor Eric Garcetti says the Trump administration created its own immigration problems by enacting a so‚Ä¶ https://t.co/rx5m03cK0T,-0.1779,8,CNN
208,Sat Jul 14 21:45:05 +0000 2018,0.167,0.833,0.0,A UK court ruling could catapult this 30-year-old from Iraq back to a life of fear and persecution‚Ä¶ https://t.co/tEoJMvS4B4,-0.4939,9,CNN
209,Sat Jul 14 21:30:12 +0000 2018,0.0,1.0,0.0,Woman survives 7 days after SUV plunges off cliff in Big Sur https://t.co/RDcbCUbk5f https://t.co/LkhIi8regP,0.0,10,CNN
210,Sat Jul 14 21:15:04 +0000 2018,0.0,1.0,0.0,"Microsoft wants regulation of facial recognition technology to limit ""abuse"" https://t.co/yrZtyqQjay https://t.co/culUmiMr8T",0.0,11,CNN
211,Sat Jul 14 21:00:03 +0000 2018,0.0,1.0,0.0,Have you ever noticed a large concrete arrow in your travels across America? They point the way to an intriguing us‚Ä¶ https://t.co/e9ldIc2EyE,0.0,12,CNN
212,Sat Jul 14 20:45:06 +0000 2018,0.103,0.897,0.0,Russian President Vladimir Putin looms for President Trump after reality-bending visit with US allies‚Ä¶ https://t.co/VBK1cCMRVK,-0.1531,13,CNN
213,Sat Jul 14 20:30:09 +0000 2018,0.214,0.786,0.0,"McDonald's pulls salads from 3,000 restaurants after parasite sickens dozens https://t.co/ZCsfrNPFHV https://t.co/GJbNdy1nf7",-0.4588,14,CNN
214,Sat Jul 14 20:15:05 +0000 2018,0.0,0.891,0.109,"Here's CNN's weekly roundup of the news, notes and chatter about the prospects for the next Democratic presidential‚Ä¶ https://t.co/jhP4I1C2En",0.296,15,CNN
215,Sat Jul 14 20:00:13 +0000 2018,0.0,1.0,0.0,Impact of Attorney General Jeff Sessions' asylum move already felt at border https://t.co/5AKQyaPG98 https://t.co/FJeN4bNPub,0.0,16,CNN
216,Sat Jul 14 19:45:06 +0000 2018,0.0,1.0,0.0,This video game could generate a new type of World Cup next year https://t.co/gji26lhVZa https://t.co/Bhcrmb81I8,0.0,17,CNN
217,Sat Jul 14 19:30:12 +0000 2018,0.167,0.762,0.071,"Jaguar escapes enclosure at Audubon Zoo in New Orleans and kills 4 alpacas, an emu and a fox https://t.co/JTwcwexRLj https://t.co/UNZ75WSIgz",-0.4588,18,CNN
218,Sat Jul 14 19:15:10 +0000 2018,0.0,1.0,0.0,"In Europe, First Lady Melania Trump is the Trump sticking to the script https://t.co/odZGVA2sfq https://t.co/0ZtVvImGrw",0.0,19,CNN
219,Sat Jul 14 19:00:12 +0000 2018,0.258,0.633,0.109,A senior National Security Council official who argued for increasing US refugee admissions and feuded with senior‚Ä¶ https://t.co/oELKfzIiK5,-0.5106,20,CNN
220,Sat Jul 14 18:45:08 +0000 2018,0.127,0.873,0.0,The British public doesn't appear amused with President Trump walking in front of Queen Elizabeth II‚Ä¶ https://t.co/9g5x8lMe0q,-0.3252,21,CNN
221,Sat Jul 14 18:30:17 +0000 2018,0.167,0.833,0.0,Here's what you might have missed during a busy news week https://t.co/rv1W25n2Iw https://t.co/MXMHXycOXl,-0.296,22,CNN
222,Sat Jul 14 18:15:00 +0000 2018,0.17,0.769,0.061,Philando Castile was fatally shot by police in Minnesota in 2016 ‚Äî then came the Russian trolls. An exclusive CNN i‚Ä¶ https://t.co/snbZHI833T,-0.5719,23,CNN
223,Sat Jul 14 18:03:36 +0000 2018,0.211,0.789,0.0,Israelis and Palestinians exchange fire along Gaza border https://t.co/YFUZAkkv5i https://t.co/dAFsl7lqaU,-0.34,24,CNN
224,Sat Jul 14 18:00:04 +0000 2018,0.0,0.789,0.211,Is it dark? And are you wearing sunglasses? You‚Äôre ready for the return of the CNN series #History of Comedy. Hear‚Ä¶ https://t.co/spOWGQNvT1,0.6553,25,CNN
225,Sat Jul 14 17:45:00 +0000 2018,0.0,0.877,0.123,"The Thai boys rescued from a cave after nearly three weeks are ""sitting up in their beds"" and ""sending thank-you me‚Ä¶ https://t.co/m00GEVO4Nr",0.4215,26,CNN
226,Sat Jul 14 17:38:39 +0000 2018,0.163,0.837,0.0,Serena Williams' fairytale return from maternity leave fell one match short as she lost to Angelique Kerber in the‚Ä¶ https://t.co/5max8jzFCc,-0.3612,27,CNN
227,Sat Jul 14 17:28:24 +0000 2018,0.0,1.0,0.0,Secretary of State Mike Pompeo says President Trump should proceed with his summit with Russian President Vladimir‚Ä¶ https://t.co/szEb8ClWru,0.0,28,CNN
228,Sat Jul 14 17:11:35 +0000 2018,0.149,0.851,0.0,"In Scotland, @PhilBlackCNN reports ""thousands of people"" have been rallying and protesting against Trump. One prote‚Ä¶ https://t.co/3Z1l8nN5we",-0.4215,29,CNN
229,Sat Jul 14 16:53:47 +0000 2018,0.0,0.798,0.202,"Germany's Angelique Kerber beats American Serena Williams 6-3, 6-3 to win her first Wimbledon championship‚Ä¶ https://t.co/qvmrNpeovo",0.5859,30,CNN
230,Sat Jul 14 16:35:05 +0000 2018,0.0,0.798,0.202,"Germany's Angelique Kerber beats American Serena Williams 6-2, 6-3 to win her first Wimbledon championship‚Ä¶ https://t.co/tJUTOpoTjR",0.5859,31,CNN
231,Sat Jul 14 16:30:50 +0000 2018,0.0,0.865,0.135,"""What happened to when we were united against a common enemy?"" CNN's @smerconish slams partisan reactions to the ""t‚Ä¶ https://t.co/IQMCH75fBd",0.4215,32,CNN
232,Sat Jul 14 16:15:00 +0000 2018,0.083,0.744,0.174,"""Probably the best course of action is to cancel this meeting."" Democratic Rep. Mike Quigley says President Trump s‚Ä¶ https://t.co/8UVkrBidZj",0.4939,33,CNN
233,Sat Jul 14 16:03:49 +0000 2018,0.0,1.0,0.0,"Belgium beats England 2-0, finishing third place in the World Cup https://t.co/CgOfxgNZCd https://t.co/Rag2LuM3bW",0.0,34,CNN
234,Sat Jul 14 15:45:09 +0000 2018,0.115,0.705,0.181,Novak Djokovic outlasts Rafael Nadal in Wimbledon semifinal to reach his first grand slam final in two years‚Ä¶ https://t.co/6lUvpufaOc,0.128,35,CNN
235,Sat Jul 14 15:30:06 +0000 2018,0.0,0.927,0.073,Why Emmett Till's case matters to American history and our future https://t.co/dp49PtgYwG (via @CNNOpinion) https://t.co/4V6VYmNyfj,0.0258,36,CNN
236,Sat Jul 14 15:15:10 +0000 2018,0.0,0.748,0.252,A paragliding protester hovered within surprising proximity of Trump on Friday as the President admired the view fr‚Ä¶ https://t.co/UB9Dgswldg,0.6597,37,CNN
237,Sat Jul 14 15:01:05 +0000 2018,0.217,0.583,0.2,"Director of National Intelligence Dan Coats raises the alarm on growing cyberattack threats against the US, saying‚Ä¶ https://t.co/sLfH84NISw",-0.1027,38,CNN
238,Sat Jul 14 14:52:07 +0000 2018,0.0,0.732,0.268,How Finland has survived in Russia's dark shadow https://t.co/uaqYYKM8PB https://t.co/vCromYSYn4,0.5106,39,CNN
239,Sat Jul 14 14:01:48 +0000 2018,0.215,0.629,0.156,This 12-year-old who is battling a rare bone cancer had her wish granted when she got to see the ocean and learn to‚Ä¶ https://t.co/OqpMmp7aoA,-0.4215,40,CNN
240,Sat Jul 14 13:46:05 +0000 2018,0.0,1.0,0.0,Newly-discovered fossils suggest giant dinosaurs evolved millions of years earlier than scientists thought https://t.co/1qJw5J5dhi,0.0,41,CNN
241,Sat Jul 14 13:31:00 +0000 2018,0.0,1.0,0.0,"Meet Care-E, the automated airport assistant that scans a boarding pass, carries luggage and guides passengers to t‚Ä¶ https://t.co/c12TfEbuCS",0.0,42,CNN
242,Sat Jul 14 13:01:03 +0000 2018,0.0,0.868,0.132,"Scientists have discovered the world's oldest color. It's bright pink -- the color of bubble gum, flamingos and cot‚Ä¶ https://t.co/pXGHjWw5yb",0.4404,43,CNN
243,Sat Jul 14 12:46:07 +0000 2018,0.0,0.772,0.228,"From the biggest street art party in Hong Kong to a community art tour, here are six Instagrammable ways to enjoy H‚Ä¶ https://t.co/1MJl9Bgfc1",0.7096,44,CNN
244,Sat Jul 14 12:31:02 +0000 2018,0.0,1.0,0.0,"Stitch Fix is tapping into the children's apparel market, launching subscription boxes with sizes 2T to 14. Founder‚Ä¶ https://t.co/VE939a8HoA",0.0,45,CNN
245,Sat Jul 14 12:01:05 +0000 2018,0.0,1.0,0.0,"Archaeologists unearth a mysterious sarcophagus in Egypt 
https://t.co/Z5XE26NQuK https://t.co/QbVllJbH6F",0.0,46,CNN
246,Sat Jul 14 11:31:00 +0000 2018,0.131,0.869,0.0,It's not always easy going green. Starbucks and Nestl√© customers embraced the brands' moves to environmentally-frie‚Ä¶ https://t.co/zVa4gcuLL8,-0.3412,47,CNN
247,Sat Jul 14 11:01:04 +0000 2018,0.309,0.618,0.073,5-year-old Garrett Matthias prepared his own obituary before he died from a rare form of pediatric cancer. In words‚Ä¶ https://t.co/kvDtKV3C0J,-0.7964,48,CNN
248,Sat Jul 14 10:31:00 +0000 2018,0.0,1.0,0.0,Starbucks is going strawless. The coffee company announced Monday that it will phase out plastic straws from all of‚Ä¶ https://t.co/4nPdL5wkfC,0.0,49,CNN
249,Sat Jul 14 10:16:11 +0000 2018,0.067,0.933,0.0,Scientists at the Teopanzolco archeological site discovered an ancient temple this week that was exposed by the dev‚Ä¶ https://t.co/NI106NMNKQ,-0.0772,50,CNN
250,Sat Jul 14 10:02:10 +0000 2018,0.159,0.841,0.0,A French bulldog named Darcy was given an oxygen mask on a JetBlue flight after showing signs of distress. Darcy's‚Ä¶ https://t.co/BfzWbTXPzn,-0.5267,51,CNN
251,Sat Jul 14 09:46:04 +0000 2018,0.0,0.833,0.167,"In an experiment, Australian scientists have successfully wiped out more than 80% of disease-carrying mosquitoes in‚Ä¶ https://t.co/SKnF8K2Fiw",0.4939,52,CNN
252,Sat Jul 14 09:31:00 +0000 2018,0.0,0.744,0.256,A rescue organization in the Turks and Caicos Islands finds good homes for stray potcake puppies -- and allows tour‚Ä¶ https://t.co/iNMmocN8kl,0.7351,53,CNN
253,Sat Jul 14 09:01:03 +0000 2018,0.0,1.0,0.0,"The US Navy has expanded its hair rules for female sailors, now permitting braids, ponytails and lock hairstyles‚Ä¶ https://t.co/dOUdRk9UTb",0.0,54,CNN
254,Sat Jul 14 08:31:00 +0000 2018,0.0,0.642,0.358,There is now only one Blockbuster store left in the United States https://t.co/eVtGl36DfQ https://t.co/mSVPk9Ctj8,0.7717,55,CNN
255,Sat Jul 14 08:01:07 +0000 2018,0.0,1.0,0.0,Shark bites Instagram model posing in the Bahamas https://t.co/w8PWXHQQA9 https://t.co/PDEQl5ItJK,0.0,56,CNN
256,Sat Jul 14 07:31:00 +0000 2018,0.18,0.738,0.082,"Build-A-Bear was forced to turn customers away after an onslaught of people came to take advantage of its ""pay your‚Ä¶ https://t.co/mQstVtHGrj",-0.34,57,CNN
257,Sat Jul 14 07:01:41 +0000 2018,0.253,0.747,0.0,"Hawaii just became the first state in the US to ban the sale of sunscreens that can harm coral reefs. Banana Boat,‚Ä¶ https://t.co/3gDJp7a6Pr",-0.7964,58,CNN
258,Sat Jul 14 06:31:00 +0000 2018,0.0,0.851,0.149,The first underwater museum in the United States has opened off the coast of northwest Florida‚Ä¶ https://t.co/U10bURPlJy,0.4215,59,CNN
259,Sat Jul 14 06:01:04 +0000 2018,0.2,0.8,0.0,"A flight from Hong Kong to the Chinese mainland suddenly lost air pressure and dropped nearly 20,000 feet because t‚Ä¶ https://t.co/PwqdFH1baL",-0.5423,60,CNN
260,Sat Jul 14 05:46:07 +0000 2018,0.175,0.825,0.0,The world's largest water slide will be demolished after a boy died on the ride in 2016 https://t.co/qy7pPAIIpj https://t.co/5B2eS3BeUG,-0.5574,61,CNN
261,Sat Jul 14 05:31:00 +0000 2018,0.0,1.0,0.0,"A particle called a neutrino was detected on Earth, found by sensors deep in the Antarctic ice, and traced to its s‚Ä¶ https://t.co/2hYUZxCN18",0.0,62,CNN
262,Sat Jul 14 05:16:04 +0000 2018,0.072,0.77,0.159,Donald Trump says he's more popular than Abraham Lincoln. That's a hard claim to back up. https://t.co/OuPCv74UuU https://t.co/8Vq521unnS,0.4005,63,CNN
263,Sat Jul 14 05:05:03 +0000 2018,0.159,0.841,0.0,"Nancy Sinatra, the first wife of singer Frank Sinatra, died Friday at the age of 101, her daughter said https://t.co/Vrg3IJD89f",-0.5574,64,CNN
264,Sat Jul 14 05:01:07 +0000 2018,0.211,0.717,0.072,A Florida man had a heart attack while laying sod in his front yard to avoid getting a fine from his homeowner's as‚Ä¶ https://t.co/kR8NfiUSis,-0.5423,65,CNN
265,Sat Jul 14 04:46:08 +0000 2018,0.0,0.87,0.13,A jury has awarded $4.62 billion to 22 women who sued pharmaceutical giant Johnson &amp; Johnson alleging their ovarian‚Ä¶ https://t.co/rQDYbNWZTD,0.4019,66,CNN
266,Sat Jul 14 04:31:00 +0000 2018,0.0,0.928,0.072,These giant avocados are growing in Australia. Some have been known to weigh up to four pounds and are about five t‚Ä¶ https://t.co/cgXFVEx1o5,0.1779,67,CNN
267,Sat Jul 14 04:16:05 +0000 2018,0.0,1.0,0.0,President Trump and Katy Perry are among the Twitter users hit hardest by the follower purge https://t.co/4V3kmwmrhL https://t.co/Uak1BlooYe,0.0,68,CNN
268,Sat Jul 14 04:01:08 +0000 2018,0.0,1.0,0.0,"A rare flood of desert rain has transformed a lake in Australia from an arid, salty basin to a spectacular, watery‚Ä¶ https://t.co/HCBw2jd5h8",0.0,69,CNN
269,Sat Jul 14 03:44:09 +0000 2018,0.0,0.841,0.159,"Is there such a thing as going too far for a laugh? #HistoryOfComedy is back, and pushing boundaries further than e‚Ä¶ https://t.co/TFgGf1hYqY",0.5574,70,CNN
270,Sat Jul 14 03:37:14 +0000 2018,0.0,1.0,0.0,"Meet Care-E, the automated airport assistant that scans a boarding pass, carries luggage and guides passengers to t‚Ä¶ https://t.co/dYT6NIBJ4p",0.0,71,CNN
271,Sat Jul 14 03:31:04 +0000 2018,0.0,1.0,0.0,"Tomatoes and strawberries were disappearing for weeks from hanging baskets outside this family's house, but a secur‚Ä¶ https://t.co/uqaam0yNAA",0.0,72,CNN
272,Sat Jul 14 03:27:58 +0000 2018,0.0,1.0,0.0,"Stitch Fix is tapping into the children's apparel market, launching subscription boxes with sizes 2T to 14. Founder‚Ä¶ https://t.co/ZrRGUduQ40",0.0,73,CNN
273,Sat Jul 14 03:16:03 +0000 2018,0.0,1.0,0.0,Mysterious burns on teen's face caused by brush with toxic plant https://t.co/oHEvX9UAW9 https://t.co/bU0ztER1VM,0.0,74,CNN
274,Sat Jul 14 03:14:15 +0000 2018,0.0,0.81,0.19,"RT @AC360: Hi, I'm @AndersonCooper. I am really excited about our new show on Facebook Watch called Full Circle, a program created for you,‚Ä¶",0.5709,75,CNN
275,Sat Jul 14 03:01:03 +0000 2018,0.0,1.0,0.0,Roger Stone appears to be the unnamed individual in a new Russia probe indictment made public Friday who is describ‚Ä¶ https://t.co/zeashgdqOn,0.0,76,CNN
276,Sat Jul 14 02:51:02 +0000 2018,0.225,0.775,0.0,The woman who was harassed by a man for wearing a Puerto Rico flag shirt wants the officer who ignored her pleas fo‚Ä¶ https://t.co/JuErNNdBTT,-0.7003,77,CNN
277,Sat Jul 14 02:31:56 +0000 2018,0.187,0.813,0.0,"RT @AC360: Anderson Cooper: The ""witch hunt,"" as the President called it, has now yielded 191 charges against 32 individuals and 3 companie‚Ä¶",-0.5574,78,CNN
278,Sat Jul 14 02:28:19 +0000 2018,0.0,1.0,0.0,How will Trump deal with Putin in Helsinki? | By Michael Bociurkiw via @CNNOpinion https://t.co/8TvNaMjvxP https://t.co/5P7J59HZtl,0.0,79,CNN
279,Sat Jul 14 02:27:07 +0000 2018,0.0,1.0,0.0,6 takeaways from the indictment of Russians for DNC hacking https://t.co/YjtwLqHn5F https://t.co/nAryrG6hCZ,0.0,80,CNN
280,Sat Jul 14 02:24:13 +0000 2018,0.0,0.82,0.18,Apple is helping bring education to girls in Brazil https://t.co/iFGmNlvCNu https://t.co/yNYKe0uvdN,0.296,81,CNN
281,Sat Jul 14 02:16:03 +0000 2018,0.0,1.0,0.0,"Despite Russia election bombshell, the Trump-Putin show will go on | Analysis by CNN's @StCollinson‚Ä¶ https://t.co/z05mQ9M8DT",0.0,82,CNN
282,Sat Jul 14 02:15:12 +0000 2018,0.0,1.0,0.0,"A Chinese spy ship is currently spying on a major US-led military exercise off the coast of Hawaii, the same exerci‚Ä¶ https://t.co/TqPlHPG1b6",0.0,83,CNN
283,Sat Jul 14 02:07:48 +0000 2018,0.397,0.603,0.0,At least 128 people have died in a suicide attack in Pakistan that targeted the convoy of a political candidate in‚Ä¶ https://t.co/n2w7kqnweP,-0.9042,84,CNN
284,Sat Jul 14 02:06:03 +0000 2018,0.14,0.86,0.0,Former Pakistani Prime Minister Nawaz Sharif and his daughter have been arrested and are being held in Islamabad af‚Ä¶ https://t.co/w980YBz06B,-0.4767,85,CNN
285,Sat Jul 14 02:01:04 +0000 2018,0.0,0.842,0.158,"The FDA for the first time has approved a drug to treat smallpox.

The disease was eradicated in the 1980s, but the‚Ä¶ https://t.co/80tEjE75Yi",0.4118,86,CNN
286,Sat Jul 14 01:51:06 +0000 2018,0.17,0.83,0.0,The death of a 16-year-old who was pinned and suffocated in his own minivan has prompted Cincinnati officials to im‚Ä¶ https://t.co/l0xG9BFXxP,-0.5994,87,CNN
287,Sat Jul 14 01:41:08 +0000 2018,0.0,0.843,0.157,The indictment of 12 Russians has stunning implications | By Harry Litman via @CNNOpinion https://t.co/6lbXQQ2RW5 https://t.co/ufwplUdzj8,0.3818,88,CNN
288,Sat Jul 14 01:36:05 +0000 2018,0.11,0.776,0.114,"RT @CuomoPrimeTime: .@ChrisCuomo: ""You can't read this indictment... and not face the reality that the United States was hacked, by Russia,‚Ä¶",0.0258,89,CNN
289,Sat Jul 14 01:31:07 +0000 2018,0.094,0.809,0.098,The US Food and Drug Administration is advising people to avoid eating fresh crab meat from Venezuela because of po‚Ä¶ https://t.co/3PEVpUFyFO,0.0258,90,CNN
290,Sat Jul 14 01:21:04 +0000 2018,0.0,0.893,0.107,Scarlett Johansson has opted to withdraw from a film in which she was set to play a transgender man after her casti‚Ä¶ https://t.co/yd5SVHkmck,0.34,91,CNN
291,Sat Jul 14 01:12:02 +0000 2018,0.0,0.917,0.083,"RT @AC360: .@JeffreyToobin: ""Today is actually a significant moment in American history. We've only had 45 presidents... now we know one of‚Ä¶",0.2023,92,CNN
292,Sat Jul 14 01:10:08 +0000 2018,0.0,0.847,0.153,"Seven in 10 registered voters say they're extremely or very interested in the November elections, a record high in‚Ä¶ https://t.co/2bpEVzpV1e",0.5034,93,CNN
293,Sat Jul 14 01:01:03 +0000 2018,0.0,0.806,0.194,Republicans praise ex-FBI lawyer Lisa Page's testimony one day after the heated Peter Strzok hearing‚Ä¶ https://t.co/9CWHzrApH9,0.5574,94,CNN
294,Sat Jul 14 01:00:20 +0000 2018,0.0,1.0,0.0,"RT @OutFrontCNN: ""It's as if your neighbor came over, robbed your house, burned it down, and then next day you go have a meal with him at t‚Ä¶",0.0,95,CNN
295,Sat Jul 14 01:00:10 +0000 2018,0.225,0.775,0.0,"RT @AC360: Journalist @carlbernstein on Russian indictments: ""This was an act of war by the Russians. An act of cyber warfare to undermine‚Ä¶",-0.7269,96,CNN
296,Sat Jul 14 00:54:14 +0000 2018,0.0,1.0,0.0,Former CIA Director Michael Hayden said he anticipates many more indictments -- including those of Americans -- to‚Ä¶ https://t.co/eO4QMTijWa,0.0,97,CNN
297,Sat Jul 14 00:43:39 +0000 2018,0.136,0.864,0.0,RT @AC360: Former Hillary Clinton campaign manager @RobbyMook on the indictment of 12 Russians for the DNC hacking: ‚ÄúIt‚Äôs disturbing that t‚Ä¶,-0.5106,98,CNN
298,Sat Jul 14 00:43:14 +0000 2018,0.0,1.0,0.0,"RT @OutFrontCNN: ""I find the release of this indictment today as very selective, and I think it's somewhat inappropriate considering that t‚Ä¶",0.0,99,CNN
299,Sat Jul 14 00:39:14 +0000 2018,0.187,0.813,0.0,Tens of thousands of protesters gathered in London to protest President Donald Trump's visit. Here's a look at the‚Ä¶ https://t.co/OSPQapCEvh,-0.4404,100,CNN
300,Sun Jul 15 01:19:34 +0000 2018,0.0,0.774,0.226,Judge has second thoughts hours after praising Trump administration for family reunifications https://t.co/OLfCTYNaCo,0.5423,1,Fox News
301,Sun Jul 15 01:16:04 +0000 2018,0.204,0.694,0.102,"Woman admits to killing her father after finding his child pornography collection, including photos of herself https://t.co/7VJLlNITgo",-0.4939,2,Fox News
302,Sun Jul 15 01:16:00 +0000 2018,0.143,0.79,0.067,"TOMORROW: Don't miss ""Life, Liberty, &amp; Levin"" with @marklevinshow - Tune in at 10p ET on Fox News Channel! https://t.co/0gPYq3L8yX",-0.3867,3,Fox News
303,Sun Jul 15 01:08:32 +0000 2018,0.0,0.828,0.172,Richmond Airport apologizes after official reportedly told mom breastfeeding was 'indecent exposure' https://t.co/Xtxn2hdvD2,0.3612,4,Fox News
304,Sun Jul 15 00:58:05 +0000 2018,0.0,1.0,0.0,Fireworks illuminate the Eiffel Tower in Paris during Bastille Day celebrations on Saturday. Bastille Day marks the‚Ä¶ https://t.co/jrdfd9MVyR,0.0,5,Fox News
305,Sun Jul 15 00:50:00 +0000 2018,0.0,0.919,0.081,MONDAY: Chris Wallace sits down for an exclusive interview with Russian President Vladimir Putin following the summ‚Ä¶ https://t.co/QMUwJiVkk4,0.128,6,Fox News
306,Sun Jul 15 00:45:16 +0000 2018,0.0,0.885,0.115,".@DiamondandSilk on Peter Strzok: ""We want answers from him."" @WattersWorld https://t.co/OKFrRUkd8S",0.0772,7,Fox News
307,Sun Jul 15 00:43:27 +0000 2018,0.086,0.771,0.144,‚ÄòPretty plane girl‚Äô slams passenger for sharing ‚Äòfalse‚Äô viral ‚ÄòPlane bae‚Äô story to Twitter without consent https://t.co/TGDFt4mlpN,0.281,8,Fox News
308,Sun Jul 15 00:38:49 +0000 2018,0.0,1.0,0.0,.@SecPompeo: Trump-Putin summit should proceed https://t.co/DeAgnC4mCK,0.0,9,Fox News
309,Sun Jul 15 00:35:00 +0000 2018,0.0,1.0,0.0,An MV-22B Osprey tiltrotor aircraft sits on display through a firework show during the Marine Corps Air Station Fut‚Ä¶ https://t.co/bqblXorf9U,0.0,10,Fox News
310,Sun Jul 15 00:28:44 +0000 2018,0.0,1.0,0.0,".@KimStrassel on Strzok hearing: ""This is the @FBI continuing to obstruct congressional oversight."" @WattersWorld https://t.co/2xUTBtWyIb",0.0,11,Fox News
311,Sun Jul 15 00:09:53 +0000 2018,0.0,1.0,0.0,OPINION: My baby nephew was dying and his mother's response was unforgettable https://t.co/RfNT4KHBmx,0.0,12,Fox News
312,Sun Jul 15 00:07:38 +0000 2018,0.26,0.651,0.089,"Jaguar escapes captivity in New Orleans, killing 6 other animals before being sedated https://t.co/Vf4GSketys",-0.5994,13,Fox News
313,Sun Jul 15 00:02:55 +0000 2018,0.0,0.85,0.15,"Russia not attacking midterms on same 'scale or scope' as in 2016, Nielsen says https://t.co/yE9yols4EG",0.357,14,Fox News
314,Sat Jul 14 23:53:15 +0000 2018,0.129,0.693,0.178,Senate Democrats are gearing up to fight Brett Kavanaugh's Supreme Court nomination; Lauren Green reports.‚Ä¶ https://t.co/BLjXm9X3Dh,0.25,15,Fox News
315,Sat Jul 14 23:43:07 +0000 2018,0.0,1.0,0.0,".@SenWarren on Brett Kavanaugh: ""Trump didn't name someone who would stand up for working people the way he promise‚Ä¶ https://t.co/5rh5J9jWjV",0.0,16,Fox News
316,Sat Jul 14 23:35:51 +0000 2018,0.096,0.776,0.128,"Sen. @LindseyGrahamSC: ""I have a lot of faith in President Trump. Bush misread Putin. Putin ran over Obama because‚Ä¶ https://t.co/6V4yiSfgqQ",0.1779,17,Fox News
317,Sat Jul 14 23:35:00 +0000 2018,0.11,0.685,0.205,"Don‚Äôt miss a special @FoxandFriends live from Helsinki, Sunday at 6a ET! https://t.co/UGzyDSS1zV",0.3382,18,Fox News
318,Sat Jul 14 23:34:05 +0000 2018,0.0,0.847,0.153,".@GillianHTurner: ""In a new 29-page indictment the DOJ released [Friday] the Russia special counsel draws a direct‚Ä¶ https://t.co/DRkpZcFe2h",0.4019,19,Fox News
319,Sat Jul 14 23:29:38 +0000 2018,0.0,1.0,0.0,President @realDonaldTrump and Russian President Vladimir Putin will meet Monday in Helsinki; @kevincorke reports.‚Ä¶ https://t.co/sQPQXqtx3g,0.0,20,Fox News
320,Sat Jul 14 23:11:04 +0000 2018,0.302,0.698,0.0,Florida man warns about saltwater poisoning after dog dies days after beach trip https://t.co/BZqLVmwPFq,-0.6369,21,Fox News
321,Sat Jul 14 22:58:41 +0000 2018,0.083,0.744,0.174,"Benham Ben Taleblu: ""@POTUS hit it perfectly when he was talking about the German contradiction which is, here's a‚Ä¶ https://t.co/bzLoljROdL",0.4939,22,Fox News
322,Sat Jul 14 22:50:45 +0000 2018,0.162,0.838,0.0,Trump blames Obama administration after Russia indictments: 'Why didn't they do something about it?' https://t.co/iVUSyCFRb2,-0.4019,23,Fox News
323,Sat Jul 14 22:38:01 +0000 2018,0.0,1.0,0.0,".@JohnGaramendi on Trump, Putin meeting: ""I think the meeting should take place because it is a necessity for‚Ä¶ https://t.co/CCCbl2cHdd",0.0,24,Fox News
324,Sat Jul 14 22:30:03 +0000 2018,0.0,1.0,0.0,Fox News Poll: Should President Trump meet with Russian President Vladimir Putin. https://t.co/C9RQuNcjli,0.0,25,Fox News
325,Sat Jul 14 22:25:16 +0000 2018,0.095,0.776,0.129,Woman wanted for grand theft goes missing after her husband dies with lethal levels of Benadryl in his system https://t.co/srGoRMsUuT,0.2023,26,Fox News
326,Sat Jul 14 22:19:37 +0000 2018,0.099,0.662,0.238,Ken Starr on Supreme Court Nominee Kavanaugh: He 'Deserves Confirmation Overwhelmingly' https://t.co/5ZaQKKYYY2,0.4767,27,Fox News
327,Sat Jul 14 22:09:26 +0000 2018,0.296,0.704,0.0,Haitian prime minister resigns after widespread protests over fuel price hike https://t.co/W70RwW7QJN,-0.4939,28,Fox News
328,Sat Jul 14 21:57:34 +0000 2018,0.0,0.725,0.275,Mom of Waffle House shooting survivor gets wedding dress for waitress who saved son's life https://t.co/2YzczpVmzP,0.6486,29,Fox News
329,Sat Jul 14 21:49:00 +0000 2018,0.0,0.919,0.081,MONDAY: Chris Wallace sits down for an exclusive interview with Russian President Vladimir Putin following the summ‚Ä¶ https://t.co/li0ZrixvsG,0.128,30,Fox News
330,Sat Jul 14 21:38:17 +0000 2018,0.07,0.93,0.0,OPINION: We need to hear more about anti-Trump bias by the FBI and Mueller's team -- House hearing must not be the‚Ä¶ https://t.co/beDMTGG0u6,-0.1689,31,Fox News
331,Sat Jul 14 21:32:00 +0000 2018,0.0,0.814,0.186,"New York boy, 3, sings national anthem at baseball game in adorable video #ProudAmerican  https://t.co/juLD2qOhoA",0.4939,32,Fox News
332,Sat Jul 14 21:26:59 +0000 2018,0.0,1.0,0.0,'Papa John' Schnatter claims he was ‚Äòpushed‚Äô to use n-word https://t.co/exI8jVHsEN,0.0,33,Fox News
333,Sat Jul 14 21:21:55 +0000 2018,0.0,0.833,0.167,Defense Sec. James Mattis met with Balkan defense chiefs ahead of the Russia summit; @JenGriffinFNC reports. https://t.co/LFPkh5kWIm,0.25,34,Fox News
334,Sat Jul 14 21:18:52 +0000 2018,0.0,0.709,0.291,Mixed emotions in Balkans over Croatia's World Cup success https://t.co/HjViF2RVQ6,0.5719,35,Fox News
335,Sat Jul 14 21:15:21 +0000 2018,0.093,0.683,0.224,Ken Starr on Supreme Court Nominee Kavanaugh: He 'Deserves Confirmation Overwhelmingly' https://t.co/NqY8Z6wP2V https://t.co/qL9H1wT4BB,0.4767,36,Fox News
336,Sat Jul 14 21:13:15 +0000 2018,0.0,1.0,0.0,President @realDonaldTrump and Russian President Vladimir Putin will meet in Helsinki on Monday; @kevincorke report‚Ä¶ https://t.co/7pmrHY6uxs,0.0,37,Fox News
337,Sat Jul 14 21:11:20 +0000 2018,0.148,0.625,0.227,Trump supporters turn out in London a day after protests https://t.co/ntCJCB9Rhc,0.25,38,Fox News
338,Sat Jul 14 21:05:30 +0000 2018,0.0,1.0,0.0,"Waves caused by high tide envelops a man standing outside his house near the Arabian Sea in Mumbai, India. The man‚Ä¶ https://t.co/fSEsyTkyy2",0.0,39,Fox News
339,Sat Jul 14 21:02:18 +0000 2018,0.0,1.0,0.0,"RT @EricShawnTV: We're on! One hour down, two to go @FoxNews. The @POTUS @realDonaldTrump and Vladimir Putin meeting. How should Putin be p‚Ä¶",0.0,40,Fox News
340,Sat Jul 14 21:00:00 +0000 2018,0.0,1.0,0.0,"On an all-new 'OBJECTified,' @KrisJenner sits down with @harveylevintmz to discuss her journey ‚Äì and the events tha‚Ä¶ https://t.co/H9ZQ9mTEMg",0.0,41,Fox News
341,Sat Jul 14 20:58:19 +0000 2018,0.276,0.724,0.0,".@RepDeSantis: ‚ÄúI think Strzok‚Äôs testimony really left a lot of American frustrated because he was not honest, not‚Ä¶ https://t.co/ri0TqkQc2r",-0.7271,42,Fox News
342,Sat Jul 14 20:56:48 +0000 2018,0.0,0.765,0.235,"Dan Springer: ""The Trump administration is making significant progress in reuniting immigrant children with their p‚Ä¶ https://t.co/JLGQqd1OA9",0.5574,43,Fox News
343,Sat Jul 14 20:43:42 +0000 2018,0.088,0.803,0.108,".@HillaryClinton: ""I believe with all my heart that the test of any society is how we treat the most vulnerable amo‚Ä¶ https://t.co/APZNWcuFNP",0.1298,44,Fox News
344,Sat Jul 14 20:36:46 +0000 2018,0.0,1.0,0.0,"Following former FBI lawyer Lisa Page's closed-door session with lawmakers, @RepMarkMeadows said he believes Page i‚Ä¶ https://t.co/4KJEwfbBGs",0.0,45,Fox News
345,Sat Jul 14 20:35:54 +0000 2018,0.0,0.789,0.211,"Indiana patrol officer rescues, later adopts dog after finding it shot in face, covered in bleach https://t.co/SIK1oFjt6j",0.4588,46,Fox News
346,Sat Jul 14 20:15:40 +0000 2018,0.0,0.847,0.153,".@GillianHTurner: ""In a new 29-page indictment the DOJ released [Friday] the Russia special counsel draws a direct‚Ä¶ https://t.co/Ewncn11fvB",0.4019,47,Fox News
347,Sat Jul 14 20:08:35 +0000 2018,0.148,0.625,0.227,Trump supporters turn out in London a day after protests https://t.co/pUAsSbIZ9r,0.25,48,Fox News
348,Sat Jul 14 20:03:55 +0000 2018,0.0,0.636,0.364,Taylor Swift jokes she's 'third wheel' after fan proposes to girlfriend in front of surprised pop star https://t.co/ZpbfI2962I,0.7184,49,Fox News
349,Sat Jul 14 19:51:58 +0000 2018,0.0,1.0,0.0,".@KimStrassel: ""If the American people are to have a prayer of ever finding out what the FBI did in 2016 with regar‚Ä¶ https://t.co/A2xoHPWUp0",0.0,50,Fox News
350,Sat Jul 14 19:45:06 +0000 2018,0.124,0.718,0.158,".@marykissel on Vladimir Putin: ""How can you trust him when he's embarrassing President @realDonaldTrump in Syria,‚Ä¶ https://t.co/gYfY77B6Wa",0.1779,51,Fox News
351,Sat Jul 14 19:44:06 +0000 2018,0.0,0.685,0.315,"Swing-vote senators signal potential support for Kavanaugh, despite well-funded left-wing pressure https://t.co/FFdEqRZhtC",0.5556,52,Fox News
352,Sat Jul 14 19:34:28 +0000 2018,0.0,1.0,0.0,".@marykissel on Trump, Putin summit: ""I think @realDonaldTrump just wants to get along, frankly. And I think he'd l‚Ä¶ https://t.co/GuZr6sQPaN",0.0,53,Fox News
353,Sat Jul 14 19:29:13 +0000 2018,0.453,0.291,0.256,'CSI' episode helps Florida police solve a fake murder https://t.co/Ykwc1Nz5UK,-0.6597,54,Fox News
354,Sat Jul 14 19:21:15 +0000 2018,0.0,1.0,0.0,".@wjmcgurn on Brett Kavanaugh: ""He's not the kind of guy who wants to be a celebrity judge that Anthony Kennedy enj‚Ä¶ https://t.co/4tYIoEmAsa",0.0,55,Fox News
355,Sat Jul 14 19:06:57 +0000 2018,0.283,0.717,0.0,OPINION: A Purple Heart for disgraced FBI agent Strzok? The very suggestion is an insult to the military https://t.co/6YoHkTbooI,-0.743,56,Fox News
356,Sat Jul 14 19:03:36 +0000 2018,0.0,1.0,0.0,".@esaagar on Lisa Page testimony: ""She is willing to talk about more of the details of the origination of the Trump‚Ä¶ https://t.co/zs6IHbe8rd",0.0,57,Fox News
357,Sat Jul 14 19:00:32 +0000 2018,0.0,1.0,0.0,".@esaagar on Lisa Page testimony: ""We are going to learn more especially if she is willing to speak publicly before‚Ä¶ https://t.co/RJ5IpzmxrR",0.0,58,Fox News
358,Sat Jul 14 18:52:22 +0000 2018,0.0,0.743,0.257,".@RepMarkMeadows: ""I can tell you Lisa Page is a very credible witness. She's doing her best to help us find the tr‚Ä¶ https://t.co/b9ov1aDUnE",0.7845,59,Fox News
359,Sat Jul 14 18:50:59 +0000 2018,0.0,0.85,0.15,RT @EricShawnTV: A special 3 hour Saturday! I anchor starting at 4 pm EDT @FoxNews with @ArthelNeville. The #RussianHacking. What should @P‚Ä¶,0.4574,60,Fox News
360,Sat Jul 14 18:45:11 +0000 2018,0.0,0.88,0.12,"Alina Polyakova: ""Putin is going to want to have an olive branch that he can extend to @POTUS to say, 'look I'm a t‚Ä¶ https://t.co/hkwcWuI7hh",0.25,61,Fox News
361,Sat Jul 14 18:41:52 +0000 2018,0.0,1.0,0.0,"Alina Polyakova on Trump-Putin summit: ""[@POTUS] holds all the cards ahead of this meeting."" https://t.co/xdNPTqUqPM https://t.co/ZZ6sAq3RU2",0.0,62,Fox News
362,Sat Jul 14 18:36:29 +0000 2018,0.0,1.0,0.0,Fox News Poll: Robert Mueller's investigation of the Trump campaign and Russia. https://t.co/t6USAF0GQR,0.0,63,Fox News
363,Sat Jul 14 18:35:16 +0000 2018,0.0,1.0,0.0,"Whitney Boan: ""We have this indictment, and that doesn't mean that this is the last indictment."" https://t.co/JKYhIynNDL",0.0,64,Fox News
364,Sat Jul 14 18:28:01 +0000 2018,0.119,0.881,0.0,Serena Williams loses to Angelique Kerber in Wimbledon final; dedicates performance to 'all the moms out there' https://t.co/IF6eJoQwAY,-0.3182,65,Fox News
365,Sat Jul 14 18:10:04 +0000 2018,0.0,0.863,0.137,Virtual reality developers aim to spark tech boom in the Deep South https://t.co/kGNnSFQqge,0.2263,66,Fox News
366,Sat Jul 14 18:05:39 +0000 2018,0.0,1.0,0.0,".@kevincorke: ""A bit of breaking news - Fox News can confirm that @POTUS and President Vladimir Putin will conduct‚Ä¶ https://t.co/bElJ5ZYF8Y",0.0,67,Fox News
367,Sat Jul 14 18:00:00 +0000 2018,0.106,0.894,0.0,TONIGHT: Don‚Äôt miss ‚ÄúFox Report with Jon Scott‚Äù at 7p ET on Fox News Channel! @JonScottFNC https://t.co/cv5d2FWMxo,-0.2244,68,Fox News
368,Sat Jul 14 17:59:50 +0000 2018,0.318,0.682,0.0,Minnesota authorities investigating after teen fatally shot by deputies https://t.co/X3ti1h2Igh,-0.6369,69,Fox News
369,Sat Jul 14 17:55:00 +0000 2018,0.085,0.915,0.0,".@RepAndyBiggsAZ: ""Here's a guy with literally hundreds - maybe thousands - of text messages showing bias, and he's‚Ä¶ https://t.co/FOAFhPkPIP",-0.1027,70,Fox News
370,Sat Jul 14 17:48:00 +0000 2018,0.0,1.0,0.0,"Ed Rollins on Trump/Putin summit: ""This is going to be a test of wills."" https://t.co/1yypK7TIPS",0.0,71,Fox News
371,Sat Jul 14 17:36:00 +0000 2018,0.196,0.804,0.0,".@HeatherZuma: ""@POTUS's tax cuts are really fueling this economy."" https://t.co/Xh2Tn9TslR",-0.296,72,Fox News
372,Sat Jul 14 17:30:00 +0000 2018,0.0,1.0,0.0,"In an interview on @foxandfriends, Democratic Congressman @RepTimRyan discussed his economic philosophy.‚Ä¶ https://t.co/ThHI2JQ2uO",0.0,73,Fox News
373,Sat Jul 14 17:27:55 +0000 2018,0.0,0.738,0.262,'Super Judgmental': @RepTimRyan Reacts to @NancyPelosi's Remark That He Is 'Inconsequential' https://t.co/OGOZgSryKu,0.5994,74,Fox News
374,Sat Jul 14 17:23:00 +0000 2018,0.0,0.752,0.248,".@RepDanKildee: ""Obviously, in retrospect, we all wish that there would've been much firmer and more bold action ag‚Ä¶ https://t.co/JuLJHChChh",0.6801,75,Fox News
375,Sat Jul 14 17:18:00 +0000 2018,0.0,1.0,0.0,".@gen_jackkeane: ""The NATO summit [was] largely successful."" https://t.co/EzYv3tZGUO",0.0,76,Fox News
376,Sat Jul 14 17:16:09 +0000 2018,0.204,0.694,0.102,"Woman admits to killing her father after finding his child pornography collection, including photos of herself https://t.co/1gXPSkV1WM",-0.4939,77,Fox News
377,Sat Jul 14 17:08:03 +0000 2018,0.0,0.825,0.175,"'A Step in the Right Direction': @GiannoCaldwell Praises Trump DOJ After 1955 Emmett Till Case Reopened
https://t.co/LPzMLzaemb",0.5267,78,Fox News
378,Sat Jul 14 17:00:00 +0000 2018,0.0,0.793,0.207,"On ""Cavuto Live,"" @SenMikeLee slammed @HillaryClinton for her comments about Justice Brett Kavanaugh.‚Ä¶ https://t.co/xOIYX4MvDy",0.5267,79,Fox News
379,Sat Jul 14 16:49:00 +0000 2018,0.1,0.776,0.123,".@AlanDersh: ""There's no need for a special counsel to do the kind of investigation that led to this indictment.""‚Ä¶ https://t.co/eXoogAkQj3",0.128,80,Fox News
380,Sat Jul 14 16:47:55 +0000 2018,0.0,0.889,0.111,Chris Wallace Announces Exclusive Interview With Vladimir Putin Monday After Trump Summit https://t.co/X4a3okDE8C,0.128,81,Fox News
381,Sat Jul 14 16:45:03 +0000 2018,0.102,0.802,0.096,"President @realDonaldTrump waves to protesters while playing golf at Turnberry golf club, in Scotland. A dozen demo‚Ä¶ https://t.co/Q6ZyxoAApR",-0.0258,82,Fox News
382,Sat Jul 14 16:36:15 +0000 2018,0.0,1.0,0.0,"A newborn giraffe born at wildlife conservation center The Wilds in Cumberland, Ohio, was caught on camera attempti‚Ä¶ https://t.co/Kc6xlMJJb1",0.0,83,Fox News
383,Sat Jul 14 16:31:28 +0000 2018,0.104,0.811,0.086,"JUST IN: Serena Williams loses in straight sets to Angelique Kerber in Wimbledon final, just 10 months after giving‚Ä¶ https://t.co/f1mmnd8uOq",-0.1027,84,Fox News
384,Sat Jul 14 16:30:54 +0000 2018,0.0,1.0,0.0,.@RepDeSantis Blasts Strzok After House Hearing: 'Why Is He Still Getting a Paycheck?' https://t.co/6DCqTk5WIH https://t.co/cGIRNG7fUY,0.0,85,Fox News
385,Sat Jul 14 16:29:00 +0000 2018,0.0,0.816,0.184,"In a speech yesterday, @HillaryClinton called the Supreme Court nomination of Brett Kavanaugh an obvious attempt to‚Ä¶ https://t.co/UZIWX70jab",0.5574,86,Fox News
386,Sat Jul 14 16:22:40 +0000 2018,0.0,1.0,0.0,Fox News Poll: @POTUS on Russia. https://t.co/GaVfBoFoPR,0.0,87,Fox News
387,Sat Jul 14 16:19:02 +0000 2018,0.0,1.0,0.0,"Billy Bush's wife, Sydney Davis, files for divorce after nearly 20 years of marriage: report https://t.co/QM3fisBQAk",0.0,88,Fox News
388,Sat Jul 14 16:16:00 +0000 2018,0.0,0.783,0.217,Fox News Poll: Would you vote to confirm Supreme Court nominee Brett Kavanaugh? https://t.co/L4A8HTQMsL,0.5574,89,Fox News
389,Sat Jul 14 16:09:08 +0000 2018,0.128,0.872,0.0,WATCH: Protesters Yell 'Shame' at Ivanka Trump as She Attends Roundtable in NY https://t.co/RLPws7eJ9q,-0.2263,90,Fox News
390,Sat Jul 14 16:01:00 +0000 2018,0.081,0.762,0.157,"Ahead of the Trump-Putin summit, don‚Äôt miss a powerful @FoxNewsSunday from Helsinki! Check your local listings and‚Ä¶ https://t.co/FCkpl3Dau3",0.3595,91,Fox News
391,Sat Jul 14 15:45:00 +0000 2018,0.0,1.0,0.0,"On an all-new 'OBJECTified,' @KrisJenner sits down with @harveylevintmz to discuss her journey ‚Äì and the events tha‚Ä¶ https://t.co/29Cbi5M5s5",0.0,92,Fox News
392,Sat Jul 14 15:43:34 +0000 2018,0.0,0.653,0.347,"Ken Starr: ""Brett Kavanaugh is truly an outstanding candidate who deserves confirmation overwhelmingly."" #Cavuto https://t.co/4QeSGxehkj",0.7845,93,Fox News
393,Sat Jul 14 15:38:11 +0000 2018,0.0,1.0,0.0,"'Organized Cruelty‚Äô: @HillaryClinton Blasts Trump Administration for 'Trying to Rip the Heart Out of America'
https://t.co/18eXz2MkhV",0.0,94,Fox News
394,Sat Jul 14 15:25:15 +0000 2018,0.0,0.847,0.153,"""I... predict we'll end up with every Republican supporting Judge Kavanaugh's confirmation. I also think we'll end‚Ä¶ https://t.co/H3LWzYMPcj",0.4404,95,Fox News
395,Sat Jul 14 15:20:23 +0000 2018,0.0,0.877,0.123,"French Alphajets of the Patrouille de France fly over the Champs Elysees avenue, with the Arc de Triomphe in backgr‚Ä¶ https://t.co/aS3GYNzDhI",0.4215,96,Fox News
396,Sat Jul 14 15:15:19 +0000 2018,0.0,1.0,0.0,"Former Assistant Sec. of State Robert Charles: ""This president's been in office 570 days and it's a little bit odd‚Ä¶ https://t.co/lHmCXzuvP5",0.0,97,Fox News
397,Sat Jul 14 15:09:18 +0000 2018,0.156,0.844,0.0,"Georgia cops use coin flip to decide whether to arrest woman, video shows https://t.co/6UBiMTcDno",-0.34,98,Fox News
398,Sat Jul 14 14:59:00 +0000 2018,0.0,0.8,0.2,".@SenMikeLee: ""This judge is going to be confirmed and he's going to be Justice Kavanaugh within a matter of months‚Ä¶ https://t.co/7GECjzWhGM",0.5423,99,Fox News
399,Sat Jul 14 14:52:41 +0000 2018,0.0,0.743,0.257,".@SenMikeLee: ""Of course I was honored to be considered"" for SCOTUS. #Cavuto https://t.co/nYULvrgJI8",0.5859,100,Fox News
400,Sun Jul 15 01:23:20 +0000 2018,0.153,0.847,0.0,Why is there a life-size replica of a Harlem block in a Swedish forest? A photographer visited Potemkin villages ar‚Ä¶ https://t.co/P4CvDG6PKT,-0.4404,1,New York Times
401,Sun Jul 15 01:07:13 +0000 2018,0.512,0.488,0.0,Death Toll in Pakistan Suicide Bombing Rises to 128 https://t.co/t1RikLuffZ,-0.8555,2,New York Times
402,Sun Jul 15 01:00:02 +0000 2018,0.0,0.747,0.253,"Influential judge, conservative warrior, Washington insider: beyond the carefully shaped narrative of President Tru‚Ä¶ https://t.co/yDJ4JDSFsa",0.5267,3,New York Times
403,Sun Jul 15 00:31:01 +0000 2018,0.0,1.0,0.0,This has been the Google Translate World Cup https://t.co/dZ3jxtttNI,0.0,4,New York Times
404,Sun Jul 15 00:18:33 +0000 2018,0.174,0.826,0.0,Haiti‚Äôs Prime Minister Quits Amid Protests Over Fuel Plan https://t.co/PiUs4sW92S,-0.2263,5,New York Times
405,Sun Jul 15 00:12:24 +0000 2018,0.0,0.901,0.099,"Our 52 Places traveler shares what she uses to make photos and videos, charge devices and organize all those travel‚Ä¶ https://t.co/yYEy9F6nEi",0.296,6,New York Times
406,Sat Jul 14 23:56:17 +0000 2018,0.0,1.0,0.0,The Ethicist: Should I Tell My Siblings About Mom‚Äôs Affair? https://t.co/piKcRXriDO,0.0,7,New York Times
407,Sat Jul 14 23:54:13 +0000 2018,0.0,0.881,0.119,Don‚Äôt be surprised if a TSA agent asks you to remove food from your carry-on https://t.co/QLWqf0cFrS,0.2263,8,New York Times
408,Sat Jul 14 23:38:43 +0000 2018,0.274,0.421,0.305,Losing Yourself in a Good Book https://t.co/HS3q6QeVKL,0.0772,9,New York Times
409,Sat Jul 14 23:35:30 +0000 2018,0.478,0.522,0.0,Two Student Protesters Killed in Nicaragua Church Siege https://t.co/PHVzrKGd1c,-0.7506,10,New York Times
410,Sat Jul 14 23:28:19 +0000 2018,0.323,0.538,0.14,news analysis: Forget a Fast Car. Creativity Is the New Midlife Crisis Cure. https://t.co/7nV0h9rpY2,-0.5267,11,New York Times
411,Sat Jul 14 23:16:40 +0000 2018,0.0,1.0,0.0,Michael Avenatti thinks he can bring down the president ‚Äî one cable-news hit at a time https://t.co/G3Gr75JHWD,0.0,12,New York Times
412,Sat Jul 14 22:57:40 +0000 2018,0.194,0.806,0.0,Judge Criticizes Trump Administration for Response to Family Reunification Order https://t.co/un3jhf6YVW,-0.34,13,New York Times
413,Sat Jul 14 22:45:52 +0000 2018,0.0,0.854,0.146,"Some small studies suggest that spending time in nature, specifically in lush forests, might improve your health https://t.co/863ha9bvMN",0.4404,14,New York Times
414,Sat Jul 14 22:28:16 +0000 2018,0.358,0.438,0.204,"‚ÄòDownloadable Gun‚Äô Clears a Legal Obstacle, and Activists Are Alarmed https://t.co/2HattY9FnZ",-0.4767,15,New York Times
415,Sat Jul 14 22:17:48 +0000 2018,0.178,0.715,0.107,"In Opinion

Op-Ed columnist Maureen Dowd writes, ‚ÄúTrump has certainly made political discourse more crude and belli‚Ä¶ https://t.co/TaFe8ohFuk",-0.3804,16,New York Times
416,Sat Jul 14 22:00:06 +0000 2018,0.0,1.0,0.0,"In retrospect, Brett Kavanaugh's climb to a justice‚Äôs seat may seem calculated ‚Äî from pursuing jobs that put him cl‚Ä¶ https://t.co/GzluXCVkrb",0.0,17,New York Times
417,Sat Jul 14 21:45:06 +0000 2018,0.0,1.0,0.0,"This Bastille Day, master the essentials of French cooking https://t.co/zBo5E07oLz https://t.co/P1H9XscD5f",0.0,18,New York Times
418,Sat Jul 14 21:30:09 +0000 2018,0.255,0.745,0.0,"At a Kentucky restaurant taking on the opioid crisis, cooking is ‚Äú100% therapy‚Äù https://t.co/uVMS7Dkv5P",-0.6249,19,New York Times
419,Sat Jul 14 21:22:04 +0000 2018,0.0,1.0,0.0,RT @kzernike: ‚ÄúPretend you‚Äôre a man‚Äù didn‚Äôt work.  https://t.co/1rFVZmJseo,0.0,20,New York Times
420,Sat Jul 14 21:15:05 +0000 2018,0.09,0.526,0.383,"Thanks to a legal settlement with the U.S. government, a Texas gun enthusiast and free speech advocate can resume p‚Ä¶ https://t.co/uWjm9JhUBR",0.7783,21,New York Times
421,Sat Jul 14 21:00:02 +0000 2018,0.161,0.717,0.121,"8 black rhinos died in Kenya after being transported to a sanctuary meant to help preserve the endangered species,‚Ä¶ https://t.co/Bf5CYaO3xA",-0.2263,22,New York Times
422,Sat Jul 14 20:45:06 +0000 2018,0.133,0.867,0.0,"A severe drought in Ireland revealed the outline of a henge that may have been standing 5,000 years ago https://t.co/4kEBft70Om",-0.3818,23,New York Times
423,Sat Jul 14 20:30:07 +0000 2018,0.106,0.894,0.0,"After 2 police officers in Georgia stopped a driver for speeding, they used a coin-tossing app while deciding wheth‚Ä¶ https://t.co/R44hJwxMnl",-0.2263,24,New York Times
424,Sat Jul 14 20:15:05 +0000 2018,0.0,1.0,0.0,The spectacle of a president bashing his nation‚Äôs news organizations on foreign soil ‚Äî in scenes broadcast live aro‚Ä¶ https://t.co/RLCROwQbGZ,0.0,25,New York Times
425,Sat Jul 14 20:00:11 +0000 2018,0.104,0.896,0.0,"Put away the suit, bring along the kids, show that tattoo. No longer conforming to stereotypes, female candidates a‚Ä¶ https://t.co/VfcjFpUzrj",-0.296,26,New York Times
426,Sat Jul 14 19:45:06 +0000 2018,0.0,1.0,0.0,"In Opinion

Roberto Rey Agudo writes, ""To say that someone does not have an accent is as believable as saying that‚Ä¶ https://t.co/OKkJ7atgA4",0.0,27,New York Times
427,Sat Jul 14 19:30:14 +0000 2018,0.0,0.847,0.153,"As Brett Kavanaugh prepares to persuade the Senate that he's suited for the Supreme Court, he takes on something at‚Ä¶ https://t.co/caXFUP3yka",0.5574,28,New York Times
428,Sat Jul 14 19:15:11 +0000 2018,0.0,1.0,0.0,House hunting goes virtual https://t.co/L8wVu0x49v,0.0,29,New York Times
429,Sat Jul 14 19:00:10 +0000 2018,0.0,0.864,0.136,Are you a full-time teacher with a second job to supplement your salary? Share your story.  https://t.co/eO0syfNMA2,0.296,30,New York Times
430,Sat Jul 14 18:45:06 +0000 2018,0.083,0.827,0.09,"‚ÄúWithout you I am like a coloring book with no color. I am the structure, but you are the color."" https://t.co/TXJ1qNpcEF",0.0387,31,New York Times
431,Sat Jul 14 18:30:17 +0000 2018,0.135,0.865,0.0,These women were told not to play soccer. Instead they formed a team. https://t.co/sQDp0x7wyw https://t.co/5EKZkFn866,-0.2584,32,New York Times
432,Sat Jul 14 18:15:04 +0000 2018,0.095,0.905,0.0,"Residents of one of Mexico‚Äôs rainiest regions often have no water to drink, so many hydrate with soda. The impact o‚Ä¶ https://t.co/iQHVwZpXkT",-0.296,33,New York Times
433,Sat Jul 14 18:00:04 +0000 2018,0.067,0.603,0.33,"When the 2 leaders sit down in Finland, Trump‚Äôs abiding desire to win over Vladimir Putin will loom as a powerful d‚Ä¶ https://t.co/9xMAYVnWoS",0.8126,34,New York Times
434,Sat Jul 14 17:45:08 +0000 2018,0.073,0.927,0.0,"Leading up to his weekend in Scotland, Trump has managed to repeatedly plug his Turnberry golf resort, alarming eth‚Ä¶ https://t.co/ftr0hvb6cl",-0.128,35,New York Times
435,Sat Jul 14 17:30:07 +0000 2018,0.0,1.0,0.0,"""We‚Äôre trying to tell as many black stories as possible and resist one-dimensional representations"" https://t.co/BWHaZFySHp",0.0,36,New York Times
436,Sat Jul 14 17:15:06 +0000 2018,0.0,1.0,0.0,"We chart America‚Äôs complicated history of infant feeding, starting with the spread of formula https://t.co/Z3W4t123ij",0.0,37,New York Times
437,Sat Jul 14 17:00:04 +0000 2018,0.114,0.772,0.114,"For Isabella and thousands of other migrant parents hoping to be reunited with their children, part of the trauma h‚Ä¶ https://t.co/bfQKyEd241",0.0,38,New York Times
438,Sat Jul 14 16:45:07 +0000 2018,0.0,1.0,0.0,"Many Democrats are outmatched by Republicans when it comes to tech-savvy campaigning. A network of 4,500 tech worke‚Ä¶ https://t.co/IvMOv5Wp08",0.0,39,New York Times
439,Sat Jul 14 16:35:03 +0000 2018,0.228,0.772,0.0,"RT @nytopinion: After World War II, many Germans saw America as the guarantor of the liberal democratic order. It‚Äôs a shock to them that th‚Ä¶",-0.7579,40,New York Times
440,Sat Jul 14 16:24:19 +0000 2018,0.117,0.623,0.261,"Breaking News: Angelique Kerber won her first Wimbledon title by beating Serena Williams, who was seeking a Grand S‚Ä¶ https://t.co/zyBj8neRLy",0.5719,41,New York Times
441,Sat Jul 14 16:20:06 +0000 2018,0.0,1.0,0.0,An ode to old maids everywhere https://t.co/dMWlTP7kmA,0.0,42,New York Times
442,Sat Jul 14 16:05:02 +0000 2018,0.0,0.735,0.265,"Trump's Supreme Court nominee has talked a lot about his mother, the public servant. Just as influential in his lif‚Ä¶ https://t.co/Kd6nSbsFnt",0.7579,43,New York Times
443,Sat Jul 14 15:50:02 +0000 2018,0.167,0.833,0.0,"Nancy Barbato Sinatra, who has died at 101, remained Frank Sinatra's confidante for decades after their divorce in‚Ä¶ https://t.co/4my80b7Iej",-0.5574,44,New York Times
444,Sat Jul 14 15:35:05 +0000 2018,0.142,0.549,0.309,"No sitting on the floor, no hugging your siblings, and it‚Äôs best not to cry: Migrant children describe life in dete‚Ä¶ https://t.co/P44lXjU2dR",0.7314,45,New York Times
445,Sat Jul 14 15:20:03 +0000 2018,0.0,0.883,0.117,After years of being told to put on a suit and recite their r√©sum√© ‚Äî and smile! ‚Äî women running for office are thro‚Ä¶ https://t.co/wDfnVFGypy,0.4199,46,New York Times
446,Sat Jul 14 15:05:06 +0000 2018,0.0,1.0,0.0,France eliminated Belgium. Croatia eliminated England. We eliminated the ‚öΩÔ∏ès from these World Cup semifinals photos‚Ä¶ https://t.co/TxBoEKnA0l,0.0,47,New York Times
447,Sat Jul 14 14:50:04 +0000 2018,0.0,1.0,0.0,"The day Donald Trump publicly asked Russia to find Hillary Clinton‚Äôs emails in 2016, Russia began to target her ser‚Ä¶ https://t.co/aKEnltUVIh",0.0,48,New York Times
448,Sat Jul 14 14:40:08 +0000 2018,0.0,1.0,0.0,"RT @karenyourish: Trump has spent 169 days of his presidency, or about 30% of his time in office, visiting Trump properties. He is spending‚Ä¶",0.0,49,New York Times
449,Sat Jul 14 14:30:09 +0000 2018,0.175,0.726,0.1,"It was over in less than 20 seconds, but even casual followers of the monarchy were aghast  https://t.co/uIQwVwpJeB",-0.3919,50,New York Times
450,Sat Jul 14 14:17:06 +0000 2018,0.141,0.563,0.296,"Found: A 2,000-year-old sarcophagus that was perfectly sealed.
Inside: Unclear. https://t.co/Lm9p1Gy87I",0.4939,51,New York Times
451,Sat Jul 14 14:02:04 +0000 2018,0.238,0.762,0.0,"The new toll of student debt in 3 charts
https://t.co/bjepY6hUYb",-0.3612,52,New York Times
452,Sat Jul 14 13:42:03 +0000 2018,0.141,0.859,0.0,Not sure what to do in NYC this weekend? We‚Äôve got you. https://t.co/bAq3dvD9gl,-0.2411,53,New York Times
453,Sat Jul 14 13:21:05 +0000 2018,0.216,0.784,0.0,"It's the universal World Cup ""oh no"" https://t.co/Acy0y21md6 https://t.co/Y7PfyUNho0",-0.296,54,New York Times
454,Sat Jul 14 13:02:04 +0000 2018,0.13,0.87,0.0,Are you a grammar geek? Test your editing skills in our new quiz. https://t.co/jqqnQQOmiu,-0.2023,55,New York Times
455,Sat Jul 14 12:42:05 +0000 2018,0.0,0.843,0.157,"While the names of FIFA leaders may have changed, the lavish benefits have not https://t.co/OrVIJDKzJD",0.3818,56,New York Times
456,Sat Jul 14 12:21:06 +0000 2018,0.0,0.854,0.146,"Some small studies suggest that spending time in nature, specifically in lush forests, might improve your health https://t.co/wfDmohEEtI",0.4404,57,New York Times
457,Sat Jul 14 12:02:04 +0000 2018,0.0,1.0,0.0,"This weekend, the World Cup final will be underway in Russia. Here's how the tournament ended up there. https://t.co/0DtzfJ51HF",0.0,58,New York Times
458,Sat Jul 14 11:41:02 +0000 2018,0.0,0.868,0.132,RT @katierogers: .@dougmillsnyt is one of the keenest observers of the human condition in journalism (and in the world! Trump says. totally‚Ä¶,0.4926,59,New York Times
459,Sat Jul 14 11:21:01 +0000 2018,0.0,0.868,0.132,The World Cup is about to get 50 percent larger. Hope you took the time to savor this one. https://t.co/S1KXhahyQ6,0.4404,60,New York Times
460,Sat Jul 14 11:02:04 +0000 2018,0.163,0.708,0.129,RT @nytpolitics: Democrats demanded that President Trump cancel his summit with Vladimir Putin after 12 Russian intelligence officers are i‚Ä¶,0.0516,61,New York Times
461,Sat Jul 14 10:52:59 +0000 2018,0.0,1.0,0.0,"John Liu Plots a Comeback Trail, Targeting a Renegade Democrat https://t.co/jVOJMq2k4L",0.0,62,New York Times
462,Sat Jul 14 10:35:48 +0000 2018,0.0,1.0,0.0,"In Trump‚Äôs U.K. Visit, Some See ‚ÄòInfomercial‚Äô for Money-Losing Golf Resort https://t.co/9il1esJ738",0.0,63,New York Times
463,Sat Jul 14 10:31:04 +0000 2018,0.0,1.0,0.0,"Video review made its debut at this World Cup, and it had an immediate impact https://t.co/gW9hVFyi2j",0.0,64,New York Times
464,Sat Jul 14 10:14:48 +0000 2018,0.0,1.0,0.0,First Words: Americans Think ‚ÄòCorruption‚Äô Is Everywhere. Is That Why We Vote for It? https://t.co/xLD6P42SP1,0.0,65,New York Times
465,Sat Jul 14 10:07:16 +0000 2018,0.0,1.0,0.0,"Sarcophagus Found. Contents Unknown. (‚ÄòNo Guessing, Please.‚Äô) https://t.co/nGSstHV6ve",0.0,66,New York Times
466,Sat Jul 14 09:50:19 +0000 2018,0.121,0.47,0.409,"Glorious surprises seemed to lurk everywhere in Oslo, Norway https://t.co/HKAeEiagFg",0.6486,67,New York Times
467,Sat Jul 14 09:32:02 +0000 2018,0.0,0.564,0.436,RT @tackettdc: In Ohio Special election a test for Democrats strength and Republican resolve  https://t.co/p4WXB4IjI8,0.8176,68,New York Times
468,Sat Jul 14 09:10:05 +0000 2018,0.0,0.805,0.195,Phys Ed: Dog Walking Is Good for You. Provided You Do It. https://t.co/zuLXpClv7g,0.4404,69,New York Times
469,Sat Jul 14 09:08:25 +0000 2018,0.0,0.802,0.198,RT @bxchen: Our writer with the best job in the world talks about the tech she uses https://t.co/VY6xJHYbOV,0.6369,70,New York Times
470,Sat Jul 14 08:50:44 +0000 2018,0.167,0.833,0.0,"RT @nytimesarts: The director of the ""Whitney"" documentary explains how he got her family to open up about her childhood abuse. https://t.c‚Ä¶",-0.6369,71,New York Times
471,Sat Jul 14 08:33:04 +0000 2018,0.082,0.918,0.0,"RT @nytimesworld: ‚ÄúHaving a vagina doesn‚Äôt make a woman,‚Äù said Angela Ponce, Spain's transgender competitor in the Miss Universe pageant. ‚Äú‚Ä¶",-0.1531,72,New York Times
472,Sat Jul 14 08:09:19 +0000 2018,0.0,1.0,0.0,"A ""Downton Abbey"" movie is coming https://t.co/81TKuwcdp6",0.0,73,New York Times
473,Sat Jul 14 07:51:52 +0000 2018,0.0,1.0,0.0,"They named it Ingentia prima, meaning ‚Äúthe first giant.‚Äù ‚ÄúThis new dinosaur changes our understanding of how dinosa‚Ä¶ https://t.co/47cDpDv68K",0.0,74,New York Times
474,Sat Jul 14 07:33:06 +0000 2018,0.0,1.0,0.0,"RT @nytpolitics: Russia's largest spy agency has been implicated in the downing of a civilian airliner, armed operations in Syria and now t‚Ä¶",0.0,75,New York Times
475,Sat Jul 14 07:06:06 +0000 2018,0.168,0.733,0.099,A painting worth $1 million has turned up 4 decades after it was stolen from a Manhattan warehouse https://t.co/evf9RPx918,-0.3182,76,New York Times
476,Sat Jul 14 06:48:47 +0000 2018,0.0,0.837,0.163,"‚ÄúI still can‚Äôt believe it worked.‚Äù Inside the Thai soccer team's rescue: floating stretchers, anti-anxiety pills an‚Ä¶ https://t.co/E9RGJxfTSC",0.5106,77,New York Times
477,Sat Jul 14 06:32:01 +0000 2018,0.118,0.882,0.0,"RT @nytimesworld: ""Pakistan is entering another period of prolonged political instability.‚Äù The arrest of former Prime Minister Nawaz Shari‚Ä¶",-0.34,78,New York Times
478,Sat Jul 14 06:02:38 +0000 2018,0.0,1.0,0.0,"The Getty Museum has added a rare illuminated Torah, dating to 1296, to its trove of manuscripts https://t.co/0WC7D9weVF",0.0,79,New York Times
479,Sat Jul 14 05:46:04 +0000 2018,0.0,1.0,0.0,Astronomers traced a neutrino back to a distant galaxy. ‚ÄúWe have found the first source of cosmic rays.‚Äù https://t.co/3PYngOHGLU,0.0,80,New York Times
480,Sat Jul 14 05:32:02 +0000 2018,0.141,0.859,0.0,RT @NYTNational: The volunteers of The √Åguilas del Desierto - Eagles of the Desert - work to find bodies of immigrants who died while makin‚Ä¶,-0.5574,81,New York Times
481,Sat Jul 14 05:06:06 +0000 2018,0.0,1.0,0.0,"Nancy Barbato Sinatra, an Idol‚Äôs First Wife and Lasting Confidante, Dies at 101 https://t.co/Q4xT0ZOktH",0.0,82,New York Times
482,Sat Jul 14 04:55:42 +0000 2018,0.099,0.901,0.0,"""I get discriminated against all the time. No one thinks I‚Äôm a CEO. I sit on a plane and tell somebody, 'Well, I ru‚Ä¶ https://t.co/mjB9vBw1TZ",-0.296,83,New York Times
483,Sat Jul 14 04:39:05 +0000 2018,0.14,0.86,0.0,"‚ÄúShe so ugly I almost threw up. Ew.‚Äù
‚ÄúI was just staring at your bbbooo.....i mean eyes.‚Äù
‚ÄúGo back to the kitchen a‚Ä¶ https://t.co/yRDgH7oKDf",-0.5563,84,New York Times
484,Sat Jul 14 04:22:03 +0000 2018,0.0,1.0,0.0,"RT @NYTMetro: Designs include skulls, flaming hearts with swords piercing them, spiders, roses, jellyfish, an upside-down bat, and a unicor‚Ä¶",0.0,85,New York Times
485,Sat Jul 14 04:11:38 +0000 2018,0.173,0.827,0.0,"Trump Walks in Front of Queen Elizabeth, Causing Social Media Frenzy https://t.co/22TQkfSosk",-0.3182,86,New York Times
486,Sat Jul 14 04:02:05 +0000 2018,0.056,0.662,0.282,No one will win the Nobel Prize in Literature this year. But you ‚Äî along with the librarians of Sweden ‚Äî can help c‚Ä¶ https://t.co/rvMxGcauHt,0.7579,87,New York Times
487,Sat Jul 14 03:47:03 +0000 2018,0.0,1.0,0.0,"Wilbur Ross, the commerce secretary, said he would sell all of his remaining stock holdings after a government watc‚Ä¶ https://t.co/Vnk0WRf50E",0.0,88,New York Times
488,Sat Jul 14 03:39:42 +0000 2018,0.0,0.859,0.141,"A Giant Iceberg Parked Offshore. It‚Äôs Stunning, but Villagers Hit the Road. https://t.co/OU7lo9ldy0",0.2023,89,New York Times
489,Sat Jul 14 03:32:04 +0000 2018,0.145,0.855,0.0,"In 21 trips Tom Price took as health secretary, 20 of them violated federal travel rules, an inspector general said https://t.co/22IkjNMj0U",-0.5267,90,New York Times
490,Sat Jul 14 03:17:02 +0000 2018,0.162,0.838,0.0,RT @nytgraphics: How Russia hacked the D.N.C. and Hillary Clinton‚Äôs presidential campaign in 2016. https://t.co/6oO8BdTmDN,-0.4019,91,New York Times
491,Sat Jul 14 03:02:03 +0000 2018,0.0,0.455,0.545,"Modern Love: What boxing taught me about love
https://t.co/rat4wkU5a2",0.8555,92,New York Times
492,Sat Jul 14 02:47:06 +0000 2018,0.397,0.603,0.0,2 men pleaded guilty to manslaughter charges in the death of a fire chief in an explosion of a Bronx house that had‚Ä¶ https://t.co/0cFXitFTVz,-0.8807,93,New York Times
493,Sat Jul 14 02:32:05 +0000 2018,0.151,0.711,0.138,"Dan Coats, the director of national intelligence, said that the persistent danger of Russian cyberattacks today was‚Ä¶ https://t.co/2LT5knHY2n",-0.0772,94,New York Times
494,Sat Jul 14 02:17:03 +0000 2018,0.216,0.784,0.0,RT @nytopinion: The indictments against 12 Russian agents don't exonerate President Trump. On the contrary -- they should worry anyone work‚Ä¶,-0.6407,95,New York Times
495,Sat Jul 14 02:02:03 +0000 2018,0.144,0.738,0.118,"In the tug of war between workers and investors over how to divvy up the nation's wealth, Americans living on a pay‚Ä¶ https://t.co/T5PibgTyjs",-0.1779,96,New York Times
496,Sat Jul 14 01:48:04 +0000 2018,0.0,0.913,0.087,"A top Uber executive is under scrutiny for his comments on race and women, casting a shadow on the company‚Äôs effort‚Ä¶ https://t.co/5vQLWgA19B",0.2023,97,New York Times
497,Sat Jul 14 01:37:29 +0000 2018,0.0,1.0,0.0,"RT @MikeIsaac: During his first six months on the job, Barney Harford, Uber‚Äôs chief operating officer, has exhibited a pattern of upsetting‚Ä¶",0.0,98,New York Times
498,Sat Jul 14 01:32:02 +0000 2018,0.083,0.757,0.16,"‚ÄúI almost feel like I‚Äôm making up for lost time,‚Äù Kim Gordon says. ‚ÄúI feel like I owe it to myself. Because my whol‚Ä¶ https://t.co/mqeNSBtRWL",0.2831,99,New York Times
499,Sat Jul 14 01:17:06 +0000 2018,0.0,1.0,0.0,RT @katierogers: New QUEEN feature from me (w/ @sewellchan as the unsung editor hero): Queen Elizabeth II has met a dozen presidents. Dance‚Ä¶,0.0,100,New York Times
